{
    "name": "Global Information",
    "numberOfRequests": {
        "total": 114,
        "ok": 114,
        "ko": 0
    },
    "minResponseTime": {
        "total": 99,
        "ok": 99,
        "ko": 0
    },
    "maxResponseTime": {
        "total": 343,
        "ok": 343,
        "ko": 0
    },
    "meanResponseTime": {
        "total": 140,
        "ok": 140,
        "ko": 0
    },
    "standardDeviation": {
        "total": 37,
        "ok": 37,
        "ko": 0
    },
    "percentiles1": {
        "total": 129,
        "ok": 129,
        "ko": 0
    },
    "percentiles2": {
        "total": 142,
        "ok": 142,
        "ko": 0
    },
    "percentiles3": {
        "total": 210,
        "ok": 210,
        "ko": 0
    },
    "percentiles4": {
        "total": 325,
        "ok": 325,
        "ko": 0
    },
    "group1": {
        "name": "t < 800 ms",
        "count": 114,
        "percentage": 100
    },
    "group2": {
        "name": "800 ms < t < 1200 ms",
        "count": 0,
        "percentage": 0
    },
    "group3": {
        "name": "t > 1200 ms",
        "count": 0,
        "percentage": 0
    },
    "group4": {
        "name": "failed",
        "count": 0,
        "percentage": 0
    },
    "meanNumberOfRequestsPerSecond": {
        "total": 4.956521739130435,
        "ok": 4.956521739130435,
        "ko": 0
    }
}