{
  "type": "GROUP",
"name": "Global Information",
"path": "",
"pathFormatted": "group_missing-name-b06d1",
"stats": {
    "name": "Global Information",
    "numberOfRequests": {
        "total": 114,
        "ok": 114,
        "ko": 0
    },
    "minResponseTime": {
        "total": 99,
        "ok": 99,
        "ko": 0
    },
    "maxResponseTime": {
        "total": 343,
        "ok": 343,
        "ko": 0
    },
    "meanResponseTime": {
        "total": 140,
        "ok": 140,
        "ko": 0
    },
    "standardDeviation": {
        "total": 37,
        "ok": 37,
        "ko": 0
    },
    "percentiles1": {
        "total": 129,
        "ok": 129,
        "ko": 0
    },
    "percentiles2": {
        "total": 142,
        "ok": 142,
        "ko": 0
    },
    "percentiles3": {
        "total": 210,
        "ok": 210,
        "ko": 0
    },
    "percentiles4": {
        "total": 325,
        "ok": 325,
        "ko": 0
    },
    "group1": {
        "name": "t < 800 ms",
        "count": 114,
        "percentage": 100
    },
    "group2": {
        "name": "800 ms < t < 1200 ms",
        "count": 0,
        "percentage": 0
    },
    "group3": {
        "name": "t > 1200 ms",
        "count": 0,
        "percentage": 0
    },
    "group4": {
        "name": "failed",
        "count": 0,
        "percentage": 0
    },
    "meanNumberOfRequestsPerSecond": {
        "total": 4.956521739130435,
        "ok": 4.956521739130435,
        "ko": 0
    }
},
"contents": {
"req_home-8cf04": {
        "type": "REQUEST",
        "name": "Home",
"path": "Home",
"pathFormatted": "req_home-8cf04",
"stats": {
    "name": "Home",
    "numberOfRequests": {
        "total": 24,
        "ok": 24,
        "ko": 0
    },
    "minResponseTime": {
        "total": 99,
        "ok": 99,
        "ko": 0
    },
    "maxResponseTime": {
        "total": 192,
        "ok": 192,
        "ko": 0
    },
    "meanResponseTime": {
        "total": 133,
        "ok": 133,
        "ko": 0
    },
    "standardDeviation": {
        "total": 26,
        "ok": 26,
        "ko": 0
    },
    "percentiles1": {
        "total": 133,
        "ok": 133,
        "ko": 0
    },
    "percentiles2": {
        "total": 157,
        "ok": 157,
        "ko": 0
    },
    "percentiles3": {
        "total": 169,
        "ok": 169,
        "ko": 0
    },
    "percentiles4": {
        "total": 186,
        "ok": 186,
        "ko": 0
    },
    "group1": {
        "name": "t < 800 ms",
        "count": 24,
        "percentage": 100
    },
    "group2": {
        "name": "800 ms < t < 1200 ms",
        "count": 0,
        "percentage": 0
    },
    "group3": {
        "name": "t > 1200 ms",
        "count": 0,
        "percentage": 0
    },
    "group4": {
        "name": "failed",
        "count": 0,
        "percentage": 0
    },
    "meanNumberOfRequestsPerSecond": {
        "total": 1.0434782608695652,
        "ok": 1.0434782608695652,
        "ko": 0
    }
}
    },"req_home-redirect-1-df14c": {
        "type": "REQUEST",
        "name": "Home Redirect 1",
"path": "Home Redirect 1",
"pathFormatted": "req_home-redirect-1-df14c",
"stats": {
    "name": "Home Redirect 1",
    "numberOfRequests": {
        "total": 12,
        "ok": 12,
        "ko": 0
    },
    "minResponseTime": {
        "total": 121,
        "ok": 121,
        "ko": 0
    },
    "maxResponseTime": {
        "total": 150,
        "ok": 150,
        "ko": 0
    },
    "meanResponseTime": {
        "total": 135,
        "ok": 135,
        "ko": 0
    },
    "standardDeviation": {
        "total": 8,
        "ok": 8,
        "ko": 0
    },
    "percentiles1": {
        "total": 135,
        "ok": 135,
        "ko": 0
    },
    "percentiles2": {
        "total": 141,
        "ok": 141,
        "ko": 0
    },
    "percentiles3": {
        "total": 149,
        "ok": 149,
        "ko": 0
    },
    "percentiles4": {
        "total": 149,
        "ok": 149,
        "ko": 0
    },
    "group1": {
        "name": "t < 800 ms",
        "count": 12,
        "percentage": 100
    },
    "group2": {
        "name": "800 ms < t < 1200 ms",
        "count": 0,
        "percentage": 0
    },
    "group3": {
        "name": "t > 1200 ms",
        "count": 0,
        "percentage": 0
    },
    "group4": {
        "name": "failed",
        "count": 0,
        "percentage": 0
    },
    "meanNumberOfRequestsPerSecond": {
        "total": 0.5217391304347826,
        "ok": 0.5217391304347826,
        "ko": 0
    }
}
    },"req_search-13348": {
        "type": "REQUEST",
        "name": "Search",
"path": "Search",
"pathFormatted": "req_search-13348",
"stats": {
    "name": "Search",
    "numberOfRequests": {
        "total": 12,
        "ok": 12,
        "ko": 0
    },
    "minResponseTime": {
        "total": 153,
        "ok": 153,
        "ko": 0
    },
    "maxResponseTime": {
        "total": 224,
        "ok": 224,
        "ko": 0
    },
    "meanResponseTime": {
        "total": 192,
        "ok": 192,
        "ko": 0
    },
    "standardDeviation": {
        "total": 23,
        "ok": 23,
        "ko": 0
    },
    "percentiles1": {
        "total": 193,
        "ok": 193,
        "ko": 0
    },
    "percentiles2": {
        "total": 213,
        "ok": 213,
        "ko": 0
    },
    "percentiles3": {
        "total": 224,
        "ok": 224,
        "ko": 0
    },
    "percentiles4": {
        "total": 224,
        "ok": 224,
        "ko": 0
    },
    "group1": {
        "name": "t < 800 ms",
        "count": 12,
        "percentage": 100
    },
    "group2": {
        "name": "800 ms < t < 1200 ms",
        "count": 0,
        "percentage": 0
    },
    "group3": {
        "name": "t > 1200 ms",
        "count": 0,
        "percentage": 0
    },
    "group4": {
        "name": "failed",
        "count": 0,
        "percentage": 0
    },
    "meanNumberOfRequestsPerSecond": {
        "total": 0.5217391304347826,
        "ok": 0.5217391304347826,
        "ko": 0
    }
}
    },"req_select-e0626": {
        "type": "REQUEST",
        "name": "Select",
"path": "Select",
"pathFormatted": "req_select-e0626",
"stats": {
    "name": "Select",
    "numberOfRequests": {
        "total": 12,
        "ok": 12,
        "ko": 0
    },
    "minResponseTime": {
        "total": 106,
        "ok": 106,
        "ko": 0
    },
    "maxResponseTime": {
        "total": 128,
        "ok": 128,
        "ko": 0
    },
    "meanResponseTime": {
        "total": 121,
        "ok": 121,
        "ko": 0
    },
    "standardDeviation": {
        "total": 6,
        "ok": 6,
        "ko": 0
    },
    "percentiles1": {
        "total": 125,
        "ok": 125,
        "ko": 0
    },
    "percentiles2": {
        "total": 127,
        "ok": 127,
        "ko": 0
    },
    "percentiles3": {
        "total": 128,
        "ok": 128,
        "ko": 0
    },
    "percentiles4": {
        "total": 128,
        "ok": 128,
        "ko": 0
    },
    "group1": {
        "name": "t < 800 ms",
        "count": 12,
        "percentage": 100
    },
    "group2": {
        "name": "800 ms < t < 1200 ms",
        "count": 0,
        "percentage": 0
    },
    "group3": {
        "name": "t > 1200 ms",
        "count": 0,
        "percentage": 0
    },
    "group4": {
        "name": "failed",
        "count": 0,
        "percentage": 0
    },
    "meanNumberOfRequestsPerSecond": {
        "total": 0.5217391304347826,
        "ok": 0.5217391304347826,
        "ko": 0
    }
}
    },"req_page-1-dffde": {
        "type": "REQUEST",
        "name": "Page 1",
"path": "Page 1",
"pathFormatted": "req_page-1-dffde",
"stats": {
    "name": "Page 1",
    "numberOfRequests": {
        "total": 12,
        "ok": 12,
        "ko": 0
    },
    "minResponseTime": {
        "total": 110,
        "ok": 110,
        "ko": 0
    },
    "maxResponseTime": {
        "total": 147,
        "ok": 147,
        "ko": 0
    },
    "meanResponseTime": {
        "total": 125,
        "ok": 125,
        "ko": 0
    },
    "standardDeviation": {
        "total": 9,
        "ok": 9,
        "ko": 0
    },
    "percentiles1": {
        "total": 126,
        "ok": 126,
        "ko": 0
    },
    "percentiles2": {
        "total": 128,
        "ok": 128,
        "ko": 0
    },
    "percentiles3": {
        "total": 140,
        "ok": 140,
        "ko": 0
    },
    "percentiles4": {
        "total": 145,
        "ok": 145,
        "ko": 0
    },
    "group1": {
        "name": "t < 800 ms",
        "count": 12,
        "percentage": 100
    },
    "group2": {
        "name": "800 ms < t < 1200 ms",
        "count": 0,
        "percentage": 0
    },
    "group3": {
        "name": "t > 1200 ms",
        "count": 0,
        "percentage": 0
    },
    "group4": {
        "name": "failed",
        "count": 0,
        "percentage": 0
    },
    "meanNumberOfRequestsPerSecond": {
        "total": 0.5217391304347826,
        "ok": 0.5217391304347826,
        "ko": 0
    }
}
    },"req_page-2-9cd0e": {
        "type": "REQUEST",
        "name": "Page 2",
"path": "Page 2",
"pathFormatted": "req_page-2-9cd0e",
"stats": {
    "name": "Page 2",
    "numberOfRequests": {
        "total": 12,
        "ok": 12,
        "ko": 0
    },
    "minResponseTime": {
        "total": 107,
        "ok": 107,
        "ko": 0
    },
    "maxResponseTime": {
        "total": 142,
        "ok": 142,
        "ko": 0
    },
    "meanResponseTime": {
        "total": 127,
        "ok": 127,
        "ko": 0
    },
    "standardDeviation": {
        "total": 9,
        "ok": 9,
        "ko": 0
    },
    "percentiles1": {
        "total": 128,
        "ok": 128,
        "ko": 0
    },
    "percentiles2": {
        "total": 132,
        "ok": 132,
        "ko": 0
    },
    "percentiles3": {
        "total": 139,
        "ok": 139,
        "ko": 0
    },
    "percentiles4": {
        "total": 141,
        "ok": 141,
        "ko": 0
    },
    "group1": {
        "name": "t < 800 ms",
        "count": 12,
        "percentage": 100
    },
    "group2": {
        "name": "800 ms < t < 1200 ms",
        "count": 0,
        "percentage": 0
    },
    "group3": {
        "name": "t > 1200 ms",
        "count": 0,
        "percentage": 0
    },
    "group4": {
        "name": "failed",
        "count": 0,
        "percentage": 0
    },
    "meanNumberOfRequestsPerSecond": {
        "total": 0.5217391304347826,
        "ok": 0.5217391304347826,
        "ko": 0
    }
}
    },"req_page-3-cdc73": {
        "type": "REQUEST",
        "name": "Page 3",
"path": "Page 3",
"pathFormatted": "req_page-3-cdc73",
"stats": {
    "name": "Page 3",
    "numberOfRequests": {
        "total": 12,
        "ok": 12,
        "ko": 0
    },
    "minResponseTime": {
        "total": 109,
        "ok": 109,
        "ko": 0
    },
    "maxResponseTime": {
        "total": 142,
        "ok": 142,
        "ko": 0
    },
    "meanResponseTime": {
        "total": 129,
        "ok": 129,
        "ko": 0
    },
    "standardDeviation": {
        "total": 8,
        "ok": 8,
        "ko": 0
    },
    "percentiles1": {
        "total": 132,
        "ok": 132,
        "ko": 0
    },
    "percentiles2": {
        "total": 135,
        "ok": 135,
        "ko": 0
    },
    "percentiles3": {
        "total": 139,
        "ok": 139,
        "ko": 0
    },
    "percentiles4": {
        "total": 141,
        "ok": 141,
        "ko": 0
    },
    "group1": {
        "name": "t < 800 ms",
        "count": 12,
        "percentage": 100
    },
    "group2": {
        "name": "800 ms < t < 1200 ms",
        "count": 0,
        "percentage": 0
    },
    "group3": {
        "name": "t > 1200 ms",
        "count": 0,
        "percentage": 0
    },
    "group4": {
        "name": "failed",
        "count": 0,
        "percentage": 0
    },
    "meanNumberOfRequestsPerSecond": {
        "total": 0.5217391304347826,
        "ok": 0.5217391304347826,
        "ko": 0
    }
}
    },"req_page-4-badfc": {
        "type": "REQUEST",
        "name": "Page 4",
"path": "Page 4",
"pathFormatted": "req_page-4-badfc",
"stats": {
    "name": "Page 4",
    "numberOfRequests": {
        "total": 12,
        "ok": 12,
        "ko": 0
    },
    "minResponseTime": {
        "total": 116,
        "ok": 116,
        "ko": 0
    },
    "maxResponseTime": {
        "total": 155,
        "ok": 155,
        "ko": 0
    },
    "meanResponseTime": {
        "total": 132,
        "ok": 132,
        "ko": 0
    },
    "standardDeviation": {
        "total": 11,
        "ok": 11,
        "ko": 0
    },
    "percentiles1": {
        "total": 131,
        "ok": 131,
        "ko": 0
    },
    "percentiles2": {
        "total": 139,
        "ok": 139,
        "ko": 0
    },
    "percentiles3": {
        "total": 149,
        "ok": 149,
        "ko": 0
    },
    "percentiles4": {
        "total": 153,
        "ok": 153,
        "ko": 0
    },
    "group1": {
        "name": "t < 800 ms",
        "count": 12,
        "percentage": 100
    },
    "group2": {
        "name": "800 ms < t < 1200 ms",
        "count": 0,
        "percentage": 0
    },
    "group3": {
        "name": "t > 1200 ms",
        "count": 0,
        "percentage": 0
    },
    "group4": {
        "name": "failed",
        "count": 0,
        "percentage": 0
    },
    "meanNumberOfRequestsPerSecond": {
        "total": 0.5217391304347826,
        "ok": 0.5217391304347826,
        "ko": 0
    }
}
    },"req_form-d359c": {
        "type": "REQUEST",
        "name": "Form",
"path": "Form",
"pathFormatted": "req_form-d359c",
"stats": {
    "name": "Form",
    "numberOfRequests": {
        "total": 2,
        "ok": 2,
        "ko": 0
    },
    "minResponseTime": {
        "total": 121,
        "ok": 121,
        "ko": 0
    },
    "maxResponseTime": {
        "total": 123,
        "ok": 123,
        "ko": 0
    },
    "meanResponseTime": {
        "total": 122,
        "ok": 122,
        "ko": 0
    },
    "standardDeviation": {
        "total": 1,
        "ok": 1,
        "ko": 0
    },
    "percentiles1": {
        "total": 122,
        "ok": 122,
        "ko": 0
    },
    "percentiles2": {
        "total": 122,
        "ok": 122,
        "ko": 0
    },
    "percentiles3": {
        "total": 122,
        "ok": 122,
        "ko": 0
    },
    "percentiles4": {
        "total": 122,
        "ok": 122,
        "ko": 0
    },
    "group1": {
        "name": "t < 800 ms",
        "count": 2,
        "percentage": 100
    },
    "group2": {
        "name": "800 ms < t < 1200 ms",
        "count": 0,
        "percentage": 0
    },
    "group3": {
        "name": "t > 1200 ms",
        "count": 0,
        "percentage": 0
    },
    "group4": {
        "name": "failed",
        "count": 0,
        "percentage": 0
    },
    "meanNumberOfRequestsPerSecond": {
        "total": 0.08695652173913043,
        "ok": 0.08695652173913043,
        "ko": 0
    }
}
    },"req_post-03d94": {
        "type": "REQUEST",
        "name": "Post",
"path": "Post",
"pathFormatted": "req_post-03d94",
"stats": {
    "name": "Post",
    "numberOfRequests": {
        "total": 2,
        "ok": 2,
        "ko": 0
    },
    "minResponseTime": {
        "total": 341,
        "ok": 341,
        "ko": 0
    },
    "maxResponseTime": {
        "total": 343,
        "ok": 343,
        "ko": 0
    },
    "meanResponseTime": {
        "total": 342,
        "ok": 342,
        "ko": 0
    },
    "standardDeviation": {
        "total": 1,
        "ok": 1,
        "ko": 0
    },
    "percentiles1": {
        "total": 342,
        "ok": 342,
        "ko": 0
    },
    "percentiles2": {
        "total": 342,
        "ok": 342,
        "ko": 0
    },
    "percentiles3": {
        "total": 342,
        "ok": 342,
        "ko": 0
    },
    "percentiles4": {
        "total": 342,
        "ok": 342,
        "ko": 0
    },
    "group1": {
        "name": "t < 800 ms",
        "count": 2,
        "percentage": 100
    },
    "group2": {
        "name": "800 ms < t < 1200 ms",
        "count": 0,
        "percentage": 0
    },
    "group3": {
        "name": "t > 1200 ms",
        "count": 0,
        "percentage": 0
    },
    "group4": {
        "name": "failed",
        "count": 0,
        "percentage": 0
    },
    "meanNumberOfRequestsPerSecond": {
        "total": 0.08695652173913043,
        "ok": 0.08695652173913043,
        "ko": 0
    }
}
    },"req_post-redirect-1-1713a": {
        "type": "REQUEST",
        "name": "Post Redirect 1",
"path": "Post Redirect 1",
"pathFormatted": "req_post-redirect-1-1713a",
"stats": {
    "name": "Post Redirect 1",
    "numberOfRequests": {
        "total": 2,
        "ok": 2,
        "ko": 0
    },
    "minResponseTime": {
        "total": 122,
        "ok": 122,
        "ko": 0
    },
    "maxResponseTime": {
        "total": 129,
        "ok": 129,
        "ko": 0
    },
    "meanResponseTime": {
        "total": 125,
        "ok": 125,
        "ko": 0
    },
    "standardDeviation": {
        "total": 3,
        "ok": 3,
        "ko": 0
    },
    "percentiles1": {
        "total": 125,
        "ok": 125,
        "ko": 0
    },
    "percentiles2": {
        "total": 127,
        "ok": 127,
        "ko": 0
    },
    "percentiles3": {
        "total": 128,
        "ok": 128,
        "ko": 0
    },
    "percentiles4": {
        "total": 128,
        "ok": 128,
        "ko": 0
    },
    "group1": {
        "name": "t < 800 ms",
        "count": 2,
        "percentage": 100
    },
    "group2": {
        "name": "800 ms < t < 1200 ms",
        "count": 0,
        "percentage": 0
    },
    "group3": {
        "name": "t > 1200 ms",
        "count": 0,
        "percentage": 0
    },
    "group4": {
        "name": "failed",
        "count": 0,
        "percentage": 0
    },
    "meanNumberOfRequestsPerSecond": {
        "total": 0.08695652173913043,
        "ok": 0.08695652173913043,
        "ko": 0
    }
}
    }
}

}