{
    "name": "Global Information",
    "numberOfRequests": {
        "total": 36,
        "ok": 33,
        "ko": 3
    },
    "minResponseTime": {
        "total": 104,
        "ok": 104,
        "ko": 115
    },
    "maxResponseTime": {
        "total": 441,
        "ok": 441,
        "ko": 203
    },
    "meanResponseTime": {
        "total": 202,
        "ok": 208,
        "ko": 144
    },
    "standardDeviation": {
        "total": 94,
        "ok": 96,
        "ko": 41
    },
    "percentiles1": {
        "total": 156,
        "ok": 158,
        "ko": 116
    },
    "percentiles2": {
        "total": 239,
        "ok": 248,
        "ko": 159
    },
    "percentiles3": {
        "total": 379,
        "ok": 388,
        "ko": 194
    },
    "percentiles4": {
        "total": 436,
        "ok": 436,
        "ko": 201
    },
    "group1": {
        "name": "t < 800 ms",
        "count": 33,
        "percentage": 92
    },
    "group2": {
        "name": "800 ms < t < 1200 ms",
        "count": 0,
        "percentage": 0
    },
    "group3": {
        "name": "t > 1200 ms",
        "count": 0,
        "percentage": 0
    },
    "group4": {
        "name": "failed",
        "count": 3,
        "percentage": 8
    },
    "meanNumberOfRequestsPerSecond": {
        "total": 0.125,
        "ok": 0.11458333333333333,
        "ko": 0.010416666666666666
    }
}