{
  "type": "GROUP",
"name": "Global Information",
"path": "",
"pathFormatted": "group_missing-name-b06d1",
"stats": {
    "name": "Global Information",
    "numberOfRequests": {
        "total": 36,
        "ok": 33,
        "ko": 3
    },
    "minResponseTime": {
        "total": 104,
        "ok": 104,
        "ko": 115
    },
    "maxResponseTime": {
        "total": 441,
        "ok": 441,
        "ko": 203
    },
    "meanResponseTime": {
        "total": 202,
        "ok": 208,
        "ko": 144
    },
    "standardDeviation": {
        "total": 94,
        "ok": 96,
        "ko": 41
    },
    "percentiles1": {
        "total": 156,
        "ok": 158,
        "ko": 116
    },
    "percentiles2": {
        "total": 239,
        "ok": 248,
        "ko": 159
    },
    "percentiles3": {
        "total": 379,
        "ok": 388,
        "ko": 194
    },
    "percentiles4": {
        "total": 436,
        "ok": 436,
        "ko": 201
    },
    "group1": {
        "name": "t < 800 ms",
        "count": 33,
        "percentage": 92
    },
    "group2": {
        "name": "800 ms < t < 1200 ms",
        "count": 0,
        "percentage": 0
    },
    "group3": {
        "name": "t > 1200 ms",
        "count": 0,
        "percentage": 0
    },
    "group4": {
        "name": "failed",
        "count": 3,
        "percentage": 8
    },
    "meanNumberOfRequestsPerSecond": {
        "total": 0.125,
        "ok": 0.11458333333333333,
        "ko": 0.010416666666666666
    }
},
"contents": {
"req_request-0-684d2": {
        "type": "REQUEST",
        "name": "request_0",
"path": "request_0",
"pathFormatted": "req_request-0-684d2",
"stats": {
    "name": "request_0",
    "numberOfRequests": {
        "total": 1,
        "ok": 1,
        "ko": 0
    },
    "minResponseTime": {
        "total": 254,
        "ok": 254,
        "ko": 0
    },
    "maxResponseTime": {
        "total": 254,
        "ok": 254,
        "ko": 0
    },
    "meanResponseTime": {
        "total": 254,
        "ok": 254,
        "ko": 0
    },
    "standardDeviation": {
        "total": 0,
        "ok": 0,
        "ko": 0
    },
    "percentiles1": {
        "total": 254,
        "ok": 254,
        "ko": 0
    },
    "percentiles2": {
        "total": 254,
        "ok": 254,
        "ko": 0
    },
    "percentiles3": {
        "total": 254,
        "ok": 254,
        "ko": 0
    },
    "percentiles4": {
        "total": 254,
        "ok": 254,
        "ko": 0
    },
    "group1": {
        "name": "t < 800 ms",
        "count": 1,
        "percentage": 100
    },
    "group2": {
        "name": "800 ms < t < 1200 ms",
        "count": 0,
        "percentage": 0
    },
    "group3": {
        "name": "t > 1200 ms",
        "count": 0,
        "percentage": 0
    },
    "group4": {
        "name": "failed",
        "count": 0,
        "percentage": 0
    },
    "meanNumberOfRequestsPerSecond": {
        "total": 0.003472222222222222,
        "ok": 0.003472222222222222,
        "ko": 0
    }
}
    },"req_request-0-redir-e6ac5": {
        "type": "REQUEST",
        "name": "request_0 Redirect 1",
"path": "request_0 Redirect 1",
"pathFormatted": "req_request-0-redir-e6ac5",
"stats": {
    "name": "request_0 Redirect 1",
    "numberOfRequests": {
        "total": 1,
        "ok": 1,
        "ko": 0
    },
    "minResponseTime": {
        "total": 132,
        "ok": 132,
        "ko": 0
    },
    "maxResponseTime": {
        "total": 132,
        "ok": 132,
        "ko": 0
    },
    "meanResponseTime": {
        "total": 132,
        "ok": 132,
        "ko": 0
    },
    "standardDeviation": {
        "total": 0,
        "ok": 0,
        "ko": 0
    },
    "percentiles1": {
        "total": 132,
        "ok": 132,
        "ko": 0
    },
    "percentiles2": {
        "total": 132,
        "ok": 132,
        "ko": 0
    },
    "percentiles3": {
        "total": 132,
        "ok": 132,
        "ko": 0
    },
    "percentiles4": {
        "total": 132,
        "ok": 132,
        "ko": 0
    },
    "group1": {
        "name": "t < 800 ms",
        "count": 1,
        "percentage": 100
    },
    "group2": {
        "name": "800 ms < t < 1200 ms",
        "count": 0,
        "percentage": 0
    },
    "group3": {
        "name": "t > 1200 ms",
        "count": 0,
        "percentage": 0
    },
    "group4": {
        "name": "failed",
        "count": 0,
        "percentage": 0
    },
    "meanNumberOfRequestsPerSecond": {
        "total": 0.003472222222222222,
        "ok": 0.003472222222222222,
        "ko": 0
    }
}
    },"req_request-1-46da4": {
        "type": "REQUEST",
        "name": "request_1",
"path": "request_1",
"pathFormatted": "req_request-1-46da4",
"stats": {
    "name": "request_1",
    "numberOfRequests": {
        "total": 1,
        "ok": 1,
        "ko": 0
    },
    "minResponseTime": {
        "total": 231,
        "ok": 231,
        "ko": 0
    },
    "maxResponseTime": {
        "total": 231,
        "ok": 231,
        "ko": 0
    },
    "meanResponseTime": {
        "total": 231,
        "ok": 231,
        "ko": 0
    },
    "standardDeviation": {
        "total": 0,
        "ok": 0,
        "ko": 0
    },
    "percentiles1": {
        "total": 231,
        "ok": 231,
        "ko": 0
    },
    "percentiles2": {
        "total": 231,
        "ok": 231,
        "ko": 0
    },
    "percentiles3": {
        "total": 231,
        "ok": 231,
        "ko": 0
    },
    "percentiles4": {
        "total": 231,
        "ok": 231,
        "ko": 0
    },
    "group1": {
        "name": "t < 800 ms",
        "count": 1,
        "percentage": 100
    },
    "group2": {
        "name": "800 ms < t < 1200 ms",
        "count": 0,
        "percentage": 0
    },
    "group3": {
        "name": "t > 1200 ms",
        "count": 0,
        "percentage": 0
    },
    "group4": {
        "name": "failed",
        "count": 0,
        "percentage": 0
    },
    "meanNumberOfRequestsPerSecond": {
        "total": 0.003472222222222222,
        "ok": 0.003472222222222222,
        "ko": 0
    }
}
    },"req_request-2-93baf": {
        "type": "REQUEST",
        "name": "request_2",
"path": "request_2",
"pathFormatted": "req_request-2-93baf",
"stats": {
    "name": "request_2",
    "numberOfRequests": {
        "total": 1,
        "ok": 1,
        "ko": 0
    },
    "minResponseTime": {
        "total": 133,
        "ok": 133,
        "ko": 0
    },
    "maxResponseTime": {
        "total": 133,
        "ok": 133,
        "ko": 0
    },
    "meanResponseTime": {
        "total": 133,
        "ok": 133,
        "ko": 0
    },
    "standardDeviation": {
        "total": 0,
        "ok": 0,
        "ko": 0
    },
    "percentiles1": {
        "total": 133,
        "ok": 133,
        "ko": 0
    },
    "percentiles2": {
        "total": 133,
        "ok": 133,
        "ko": 0
    },
    "percentiles3": {
        "total": 133,
        "ok": 133,
        "ko": 0
    },
    "percentiles4": {
        "total": 133,
        "ok": 133,
        "ko": 0
    },
    "group1": {
        "name": "t < 800 ms",
        "count": 1,
        "percentage": 100
    },
    "group2": {
        "name": "800 ms < t < 1200 ms",
        "count": 0,
        "percentage": 0
    },
    "group3": {
        "name": "t > 1200 ms",
        "count": 0,
        "percentage": 0
    },
    "group4": {
        "name": "failed",
        "count": 0,
        "percentage": 0
    },
    "meanNumberOfRequestsPerSecond": {
        "total": 0.003472222222222222,
        "ok": 0.003472222222222222,
        "ko": 0
    }
}
    },"req_request-3-d0973": {
        "type": "REQUEST",
        "name": "request_3",
"path": "request_3",
"pathFormatted": "req_request-3-d0973",
"stats": {
    "name": "request_3",
    "numberOfRequests": {
        "total": 1,
        "ok": 1,
        "ko": 0
    },
    "minResponseTime": {
        "total": 363,
        "ok": 363,
        "ko": 0
    },
    "maxResponseTime": {
        "total": 363,
        "ok": 363,
        "ko": 0
    },
    "meanResponseTime": {
        "total": 363,
        "ok": 363,
        "ko": 0
    },
    "standardDeviation": {
        "total": 0,
        "ok": 0,
        "ko": 0
    },
    "percentiles1": {
        "total": 363,
        "ok": 363,
        "ko": 0
    },
    "percentiles2": {
        "total": 363,
        "ok": 363,
        "ko": 0
    },
    "percentiles3": {
        "total": 363,
        "ok": 363,
        "ko": 0
    },
    "percentiles4": {
        "total": 363,
        "ok": 363,
        "ko": 0
    },
    "group1": {
        "name": "t < 800 ms",
        "count": 1,
        "percentage": 100
    },
    "group2": {
        "name": "800 ms < t < 1200 ms",
        "count": 0,
        "percentage": 0
    },
    "group3": {
        "name": "t > 1200 ms",
        "count": 0,
        "percentage": 0
    },
    "group4": {
        "name": "failed",
        "count": 0,
        "percentage": 0
    },
    "meanNumberOfRequestsPerSecond": {
        "total": 0.003472222222222222,
        "ok": 0.003472222222222222,
        "ko": 0
    }
}
    },"req_request-3-redir-2cb6e": {
        "type": "REQUEST",
        "name": "request_3 Redirect 1",
"path": "request_3 Redirect 1",
"pathFormatted": "req_request-3-redir-2cb6e",
"stats": {
    "name": "request_3 Redirect 1",
    "numberOfRequests": {
        "total": 1,
        "ok": 1,
        "ko": 0
    },
    "minResponseTime": {
        "total": 129,
        "ok": 129,
        "ko": 0
    },
    "maxResponseTime": {
        "total": 129,
        "ok": 129,
        "ko": 0
    },
    "meanResponseTime": {
        "total": 129,
        "ok": 129,
        "ko": 0
    },
    "standardDeviation": {
        "total": 0,
        "ok": 0,
        "ko": 0
    },
    "percentiles1": {
        "total": 129,
        "ok": 129,
        "ko": 0
    },
    "percentiles2": {
        "total": 129,
        "ok": 129,
        "ko": 0
    },
    "percentiles3": {
        "total": 129,
        "ok": 129,
        "ko": 0
    },
    "percentiles4": {
        "total": 129,
        "ok": 129,
        "ko": 0
    },
    "group1": {
        "name": "t < 800 ms",
        "count": 1,
        "percentage": 100
    },
    "group2": {
        "name": "800 ms < t < 1200 ms",
        "count": 0,
        "percentage": 0
    },
    "group3": {
        "name": "t > 1200 ms",
        "count": 0,
        "percentage": 0
    },
    "group4": {
        "name": "failed",
        "count": 0,
        "percentage": 0
    },
    "meanNumberOfRequestsPerSecond": {
        "total": 0.003472222222222222,
        "ok": 0.003472222222222222,
        "ko": 0
    }
}
    },"req_request-4-e7d1b": {
        "type": "REQUEST",
        "name": "request_4",
"path": "request_4",
"pathFormatted": "req_request-4-e7d1b",
"stats": {
    "name": "request_4",
    "numberOfRequests": {
        "total": 1,
        "ok": 1,
        "ko": 0
    },
    "minResponseTime": {
        "total": 104,
        "ok": 104,
        "ko": 0
    },
    "maxResponseTime": {
        "total": 104,
        "ok": 104,
        "ko": 0
    },
    "meanResponseTime": {
        "total": 104,
        "ok": 104,
        "ko": 0
    },
    "standardDeviation": {
        "total": 0,
        "ok": 0,
        "ko": 0
    },
    "percentiles1": {
        "total": 104,
        "ok": 104,
        "ko": 0
    },
    "percentiles2": {
        "total": 104,
        "ok": 104,
        "ko": 0
    },
    "percentiles3": {
        "total": 104,
        "ok": 104,
        "ko": 0
    },
    "percentiles4": {
        "total": 104,
        "ok": 104,
        "ko": 0
    },
    "group1": {
        "name": "t < 800 ms",
        "count": 1,
        "percentage": 100
    },
    "group2": {
        "name": "800 ms < t < 1200 ms",
        "count": 0,
        "percentage": 0
    },
    "group3": {
        "name": "t > 1200 ms",
        "count": 0,
        "percentage": 0
    },
    "group4": {
        "name": "failed",
        "count": 0,
        "percentage": 0
    },
    "meanNumberOfRequestsPerSecond": {
        "total": 0.003472222222222222,
        "ok": 0.003472222222222222,
        "ko": 0
    }
}
    },"req_request-5-48829": {
        "type": "REQUEST",
        "name": "request_5",
"path": "request_5",
"pathFormatted": "req_request-5-48829",
"stats": {
    "name": "request_5",
    "numberOfRequests": {
        "total": 1,
        "ok": 0,
        "ko": 1
    },
    "minResponseTime": {
        "total": 203,
        "ok": 0,
        "ko": 203
    },
    "maxResponseTime": {
        "total": 203,
        "ok": 0,
        "ko": 203
    },
    "meanResponseTime": {
        "total": 203,
        "ok": 0,
        "ko": 203
    },
    "standardDeviation": {
        "total": 0,
        "ok": 0,
        "ko": 0
    },
    "percentiles1": {
        "total": 203,
        "ok": 0,
        "ko": 203
    },
    "percentiles2": {
        "total": 203,
        "ok": 0,
        "ko": 203
    },
    "percentiles3": {
        "total": 203,
        "ok": 0,
        "ko": 203
    },
    "percentiles4": {
        "total": 203,
        "ok": 0,
        "ko": 203
    },
    "group1": {
        "name": "t < 800 ms",
        "count": 0,
        "percentage": 0
    },
    "group2": {
        "name": "800 ms < t < 1200 ms",
        "count": 0,
        "percentage": 0
    },
    "group3": {
        "name": "t > 1200 ms",
        "count": 0,
        "percentage": 0
    },
    "group4": {
        "name": "failed",
        "count": 1,
        "percentage": 100
    },
    "meanNumberOfRequestsPerSecond": {
        "total": 0.003472222222222222,
        "ok": 0,
        "ko": 0.003472222222222222
    }
}
    },"req_request-6-027a9": {
        "type": "REQUEST",
        "name": "request_6",
"path": "request_6",
"pathFormatted": "req_request-6-027a9",
"stats": {
    "name": "request_6",
    "numberOfRequests": {
        "total": 1,
        "ok": 1,
        "ko": 0
    },
    "minResponseTime": {
        "total": 120,
        "ok": 120,
        "ko": 0
    },
    "maxResponseTime": {
        "total": 120,
        "ok": 120,
        "ko": 0
    },
    "meanResponseTime": {
        "total": 120,
        "ok": 120,
        "ko": 0
    },
    "standardDeviation": {
        "total": 0,
        "ok": 0,
        "ko": 0
    },
    "percentiles1": {
        "total": 120,
        "ok": 120,
        "ko": 0
    },
    "percentiles2": {
        "total": 120,
        "ok": 120,
        "ko": 0
    },
    "percentiles3": {
        "total": 120,
        "ok": 120,
        "ko": 0
    },
    "percentiles4": {
        "total": 120,
        "ok": 120,
        "ko": 0
    },
    "group1": {
        "name": "t < 800 ms",
        "count": 1,
        "percentage": 100
    },
    "group2": {
        "name": "800 ms < t < 1200 ms",
        "count": 0,
        "percentage": 0
    },
    "group3": {
        "name": "t > 1200 ms",
        "count": 0,
        "percentage": 0
    },
    "group4": {
        "name": "failed",
        "count": 0,
        "percentage": 0
    },
    "meanNumberOfRequestsPerSecond": {
        "total": 0.003472222222222222,
        "ok": 0.003472222222222222,
        "ko": 0
    }
}
    },"req_request-7-f222f": {
        "type": "REQUEST",
        "name": "request_7",
"path": "request_7",
"pathFormatted": "req_request-7-f222f",
"stats": {
    "name": "request_7",
    "numberOfRequests": {
        "total": 1,
        "ok": 1,
        "ko": 0
    },
    "minResponseTime": {
        "total": 186,
        "ok": 186,
        "ko": 0
    },
    "maxResponseTime": {
        "total": 186,
        "ok": 186,
        "ko": 0
    },
    "meanResponseTime": {
        "total": 186,
        "ok": 186,
        "ko": 0
    },
    "standardDeviation": {
        "total": 0,
        "ok": 0,
        "ko": 0
    },
    "percentiles1": {
        "total": 186,
        "ok": 186,
        "ko": 0
    },
    "percentiles2": {
        "total": 186,
        "ok": 186,
        "ko": 0
    },
    "percentiles3": {
        "total": 186,
        "ok": 186,
        "ko": 0
    },
    "percentiles4": {
        "total": 186,
        "ok": 186,
        "ko": 0
    },
    "group1": {
        "name": "t < 800 ms",
        "count": 1,
        "percentage": 100
    },
    "group2": {
        "name": "800 ms < t < 1200 ms",
        "count": 0,
        "percentage": 0
    },
    "group3": {
        "name": "t > 1200 ms",
        "count": 0,
        "percentage": 0
    },
    "group4": {
        "name": "failed",
        "count": 0,
        "percentage": 0
    },
    "meanNumberOfRequestsPerSecond": {
        "total": 0.003472222222222222,
        "ok": 0.003472222222222222,
        "ko": 0
    }
}
    },"req_request-8-ef0c8": {
        "type": "REQUEST",
        "name": "request_8",
"path": "request_8",
"pathFormatted": "req_request-8-ef0c8",
"stats": {
    "name": "request_8",
    "numberOfRequests": {
        "total": 1,
        "ok": 1,
        "ko": 0
    },
    "minResponseTime": {
        "total": 129,
        "ok": 129,
        "ko": 0
    },
    "maxResponseTime": {
        "total": 129,
        "ok": 129,
        "ko": 0
    },
    "meanResponseTime": {
        "total": 129,
        "ok": 129,
        "ko": 0
    },
    "standardDeviation": {
        "total": 0,
        "ok": 0,
        "ko": 0
    },
    "percentiles1": {
        "total": 129,
        "ok": 129,
        "ko": 0
    },
    "percentiles2": {
        "total": 129,
        "ok": 129,
        "ko": 0
    },
    "percentiles3": {
        "total": 129,
        "ok": 129,
        "ko": 0
    },
    "percentiles4": {
        "total": 129,
        "ok": 129,
        "ko": 0
    },
    "group1": {
        "name": "t < 800 ms",
        "count": 1,
        "percentage": 100
    },
    "group2": {
        "name": "800 ms < t < 1200 ms",
        "count": 0,
        "percentage": 0
    },
    "group3": {
        "name": "t > 1200 ms",
        "count": 0,
        "percentage": 0
    },
    "group4": {
        "name": "failed",
        "count": 0,
        "percentage": 0
    },
    "meanNumberOfRequestsPerSecond": {
        "total": 0.003472222222222222,
        "ok": 0.003472222222222222,
        "ko": 0
    }
}
    },"req_request-9-d127e": {
        "type": "REQUEST",
        "name": "request_9",
"path": "request_9",
"pathFormatted": "req_request-9-d127e",
"stats": {
    "name": "request_9",
    "numberOfRequests": {
        "total": 1,
        "ok": 1,
        "ko": 0
    },
    "minResponseTime": {
        "total": 441,
        "ok": 441,
        "ko": 0
    },
    "maxResponseTime": {
        "total": 441,
        "ok": 441,
        "ko": 0
    },
    "meanResponseTime": {
        "total": 441,
        "ok": 441,
        "ko": 0
    },
    "standardDeviation": {
        "total": 0,
        "ok": 0,
        "ko": 0
    },
    "percentiles1": {
        "total": 441,
        "ok": 441,
        "ko": 0
    },
    "percentiles2": {
        "total": 441,
        "ok": 441,
        "ko": 0
    },
    "percentiles3": {
        "total": 441,
        "ok": 441,
        "ko": 0
    },
    "percentiles4": {
        "total": 441,
        "ok": 441,
        "ko": 0
    },
    "group1": {
        "name": "t < 800 ms",
        "count": 1,
        "percentage": 100
    },
    "group2": {
        "name": "800 ms < t < 1200 ms",
        "count": 0,
        "percentage": 0
    },
    "group3": {
        "name": "t > 1200 ms",
        "count": 0,
        "percentage": 0
    },
    "group4": {
        "name": "failed",
        "count": 0,
        "percentage": 0
    },
    "meanNumberOfRequestsPerSecond": {
        "total": 0.003472222222222222,
        "ok": 0.003472222222222222,
        "ko": 0
    }
}
    },"req_request-10-1cfbe": {
        "type": "REQUEST",
        "name": "request_10",
"path": "request_10",
"pathFormatted": "req_request-10-1cfbe",
"stats": {
    "name": "request_10",
    "numberOfRequests": {
        "total": 1,
        "ok": 1,
        "ko": 0
    },
    "minResponseTime": {
        "total": 216,
        "ok": 216,
        "ko": 0
    },
    "maxResponseTime": {
        "total": 216,
        "ok": 216,
        "ko": 0
    },
    "meanResponseTime": {
        "total": 216,
        "ok": 216,
        "ko": 0
    },
    "standardDeviation": {
        "total": 0,
        "ok": 0,
        "ko": 0
    },
    "percentiles1": {
        "total": 216,
        "ok": 216,
        "ko": 0
    },
    "percentiles2": {
        "total": 216,
        "ok": 216,
        "ko": 0
    },
    "percentiles3": {
        "total": 216,
        "ok": 216,
        "ko": 0
    },
    "percentiles4": {
        "total": 216,
        "ok": 216,
        "ko": 0
    },
    "group1": {
        "name": "t < 800 ms",
        "count": 1,
        "percentage": 100
    },
    "group2": {
        "name": "800 ms < t < 1200 ms",
        "count": 0,
        "percentage": 0
    },
    "group3": {
        "name": "t > 1200 ms",
        "count": 0,
        "percentage": 0
    },
    "group4": {
        "name": "failed",
        "count": 0,
        "percentage": 0
    },
    "meanNumberOfRequestsPerSecond": {
        "total": 0.003472222222222222,
        "ok": 0.003472222222222222,
        "ko": 0
    }
}
    },"req_request-11-f11e8": {
        "type": "REQUEST",
        "name": "request_11",
"path": "request_11",
"pathFormatted": "req_request-11-f11e8",
"stats": {
    "name": "request_11",
    "numberOfRequests": {
        "total": 1,
        "ok": 1,
        "ko": 0
    },
    "minResponseTime": {
        "total": 145,
        "ok": 145,
        "ko": 0
    },
    "maxResponseTime": {
        "total": 145,
        "ok": 145,
        "ko": 0
    },
    "meanResponseTime": {
        "total": 145,
        "ok": 145,
        "ko": 0
    },
    "standardDeviation": {
        "total": 0,
        "ok": 0,
        "ko": 0
    },
    "percentiles1": {
        "total": 145,
        "ok": 145,
        "ko": 0
    },
    "percentiles2": {
        "total": 145,
        "ok": 145,
        "ko": 0
    },
    "percentiles3": {
        "total": 145,
        "ok": 145,
        "ko": 0
    },
    "percentiles4": {
        "total": 145,
        "ok": 145,
        "ko": 0
    },
    "group1": {
        "name": "t < 800 ms",
        "count": 1,
        "percentage": 100
    },
    "group2": {
        "name": "800 ms < t < 1200 ms",
        "count": 0,
        "percentage": 0
    },
    "group3": {
        "name": "t > 1200 ms",
        "count": 0,
        "percentage": 0
    },
    "group4": {
        "name": "failed",
        "count": 0,
        "percentage": 0
    },
    "meanNumberOfRequestsPerSecond": {
        "total": 0.003472222222222222,
        "ok": 0.003472222222222222,
        "ko": 0
    }
}
    },"req_request-12-61da2": {
        "type": "REQUEST",
        "name": "request_12",
"path": "request_12",
"pathFormatted": "req_request-12-61da2",
"stats": {
    "name": "request_12",
    "numberOfRequests": {
        "total": 1,
        "ok": 1,
        "ko": 0
    },
    "minResponseTime": {
        "total": 123,
        "ok": 123,
        "ko": 0
    },
    "maxResponseTime": {
        "total": 123,
        "ok": 123,
        "ko": 0
    },
    "meanResponseTime": {
        "total": 123,
        "ok": 123,
        "ko": 0
    },
    "standardDeviation": {
        "total": 0,
        "ok": 0,
        "ko": 0
    },
    "percentiles1": {
        "total": 123,
        "ok": 123,
        "ko": 0
    },
    "percentiles2": {
        "total": 123,
        "ok": 123,
        "ko": 0
    },
    "percentiles3": {
        "total": 123,
        "ok": 123,
        "ko": 0
    },
    "percentiles4": {
        "total": 123,
        "ok": 123,
        "ko": 0
    },
    "group1": {
        "name": "t < 800 ms",
        "count": 1,
        "percentage": 100
    },
    "group2": {
        "name": "800 ms < t < 1200 ms",
        "count": 0,
        "percentage": 0
    },
    "group3": {
        "name": "t > 1200 ms",
        "count": 0,
        "percentage": 0
    },
    "group4": {
        "name": "failed",
        "count": 0,
        "percentage": 0
    },
    "meanNumberOfRequestsPerSecond": {
        "total": 0.003472222222222222,
        "ok": 0.003472222222222222,
        "ko": 0
    }
}
    },"req_request-13-5cca6": {
        "type": "REQUEST",
        "name": "request_13",
"path": "request_13",
"pathFormatted": "req_request-13-5cca6",
"stats": {
    "name": "request_13",
    "numberOfRequests": {
        "total": 1,
        "ok": 1,
        "ko": 0
    },
    "minResponseTime": {
        "total": 337,
        "ok": 337,
        "ko": 0
    },
    "maxResponseTime": {
        "total": 337,
        "ok": 337,
        "ko": 0
    },
    "meanResponseTime": {
        "total": 337,
        "ok": 337,
        "ko": 0
    },
    "standardDeviation": {
        "total": 0,
        "ok": 0,
        "ko": 0
    },
    "percentiles1": {
        "total": 337,
        "ok": 337,
        "ko": 0
    },
    "percentiles2": {
        "total": 337,
        "ok": 337,
        "ko": 0
    },
    "percentiles3": {
        "total": 337,
        "ok": 337,
        "ko": 0
    },
    "percentiles4": {
        "total": 337,
        "ok": 337,
        "ko": 0
    },
    "group1": {
        "name": "t < 800 ms",
        "count": 1,
        "percentage": 100
    },
    "group2": {
        "name": "800 ms < t < 1200 ms",
        "count": 0,
        "percentage": 0
    },
    "group3": {
        "name": "t > 1200 ms",
        "count": 0,
        "percentage": 0
    },
    "group4": {
        "name": "failed",
        "count": 0,
        "percentage": 0
    },
    "meanNumberOfRequestsPerSecond": {
        "total": 0.003472222222222222,
        "ok": 0.003472222222222222,
        "ko": 0
    }
}
    },"req_request-14-a0e30": {
        "type": "REQUEST",
        "name": "request_14",
"path": "request_14",
"pathFormatted": "req_request-14-a0e30",
"stats": {
    "name": "request_14",
    "numberOfRequests": {
        "total": 1,
        "ok": 1,
        "ko": 0
    },
    "minResponseTime": {
        "total": 130,
        "ok": 130,
        "ko": 0
    },
    "maxResponseTime": {
        "total": 130,
        "ok": 130,
        "ko": 0
    },
    "meanResponseTime": {
        "total": 130,
        "ok": 130,
        "ko": 0
    },
    "standardDeviation": {
        "total": 0,
        "ok": 0,
        "ko": 0
    },
    "percentiles1": {
        "total": 130,
        "ok": 130,
        "ko": 0
    },
    "percentiles2": {
        "total": 130,
        "ok": 130,
        "ko": 0
    },
    "percentiles3": {
        "total": 130,
        "ok": 130,
        "ko": 0
    },
    "percentiles4": {
        "total": 130,
        "ok": 130,
        "ko": 0
    },
    "group1": {
        "name": "t < 800 ms",
        "count": 1,
        "percentage": 100
    },
    "group2": {
        "name": "800 ms < t < 1200 ms",
        "count": 0,
        "percentage": 0
    },
    "group3": {
        "name": "t > 1200 ms",
        "count": 0,
        "percentage": 0
    },
    "group4": {
        "name": "failed",
        "count": 0,
        "percentage": 0
    },
    "meanNumberOfRequestsPerSecond": {
        "total": 0.003472222222222222,
        "ok": 0.003472222222222222,
        "ko": 0
    }
}
    },"req_request-15-56eac": {
        "type": "REQUEST",
        "name": "request_15",
"path": "request_15",
"pathFormatted": "req_request-15-56eac",
"stats": {
    "name": "request_15",
    "numberOfRequests": {
        "total": 1,
        "ok": 1,
        "ko": 0
    },
    "minResponseTime": {
        "total": 427,
        "ok": 427,
        "ko": 0
    },
    "maxResponseTime": {
        "total": 427,
        "ok": 427,
        "ko": 0
    },
    "meanResponseTime": {
        "total": 427,
        "ok": 427,
        "ko": 0
    },
    "standardDeviation": {
        "total": 0,
        "ok": 0,
        "ko": 0
    },
    "percentiles1": {
        "total": 427,
        "ok": 427,
        "ko": 0
    },
    "percentiles2": {
        "total": 427,
        "ok": 427,
        "ko": 0
    },
    "percentiles3": {
        "total": 427,
        "ok": 427,
        "ko": 0
    },
    "percentiles4": {
        "total": 427,
        "ok": 427,
        "ko": 0
    },
    "group1": {
        "name": "t < 800 ms",
        "count": 1,
        "percentage": 100
    },
    "group2": {
        "name": "800 ms < t < 1200 ms",
        "count": 0,
        "percentage": 0
    },
    "group3": {
        "name": "t > 1200 ms",
        "count": 0,
        "percentage": 0
    },
    "group4": {
        "name": "failed",
        "count": 0,
        "percentage": 0
    },
    "meanNumberOfRequestsPerSecond": {
        "total": 0.003472222222222222,
        "ok": 0.003472222222222222,
        "ko": 0
    }
}
    },"req_request-16-24733": {
        "type": "REQUEST",
        "name": "request_16",
"path": "request_16",
"pathFormatted": "req_request-16-24733",
"stats": {
    "name": "request_16",
    "numberOfRequests": {
        "total": 1,
        "ok": 1,
        "ko": 0
    },
    "minResponseTime": {
        "total": 154,
        "ok": 154,
        "ko": 0
    },
    "maxResponseTime": {
        "total": 154,
        "ok": 154,
        "ko": 0
    },
    "meanResponseTime": {
        "total": 154,
        "ok": 154,
        "ko": 0
    },
    "standardDeviation": {
        "total": 0,
        "ok": 0,
        "ko": 0
    },
    "percentiles1": {
        "total": 154,
        "ok": 154,
        "ko": 0
    },
    "percentiles2": {
        "total": 154,
        "ok": 154,
        "ko": 0
    },
    "percentiles3": {
        "total": 154,
        "ok": 154,
        "ko": 0
    },
    "percentiles4": {
        "total": 154,
        "ok": 154,
        "ko": 0
    },
    "group1": {
        "name": "t < 800 ms",
        "count": 1,
        "percentage": 100
    },
    "group2": {
        "name": "800 ms < t < 1200 ms",
        "count": 0,
        "percentage": 0
    },
    "group3": {
        "name": "t > 1200 ms",
        "count": 0,
        "percentage": 0
    },
    "group4": {
        "name": "failed",
        "count": 0,
        "percentage": 0
    },
    "meanNumberOfRequestsPerSecond": {
        "total": 0.003472222222222222,
        "ok": 0.003472222222222222,
        "ko": 0
    }
}
    },"req_request-17-cd6a2": {
        "type": "REQUEST",
        "name": "request_17",
"path": "request_17",
"pathFormatted": "req_request-17-cd6a2",
"stats": {
    "name": "request_17",
    "numberOfRequests": {
        "total": 1,
        "ok": 1,
        "ko": 0
    },
    "minResponseTime": {
        "total": 151,
        "ok": 151,
        "ko": 0
    },
    "maxResponseTime": {
        "total": 151,
        "ok": 151,
        "ko": 0
    },
    "meanResponseTime": {
        "total": 151,
        "ok": 151,
        "ko": 0
    },
    "standardDeviation": {
        "total": 0,
        "ok": 0,
        "ko": 0
    },
    "percentiles1": {
        "total": 151,
        "ok": 151,
        "ko": 0
    },
    "percentiles2": {
        "total": 151,
        "ok": 151,
        "ko": 0
    },
    "percentiles3": {
        "total": 151,
        "ok": 151,
        "ko": 0
    },
    "percentiles4": {
        "total": 151,
        "ok": 151,
        "ko": 0
    },
    "group1": {
        "name": "t < 800 ms",
        "count": 1,
        "percentage": 100
    },
    "group2": {
        "name": "800 ms < t < 1200 ms",
        "count": 0,
        "percentage": 0
    },
    "group3": {
        "name": "t > 1200 ms",
        "count": 0,
        "percentage": 0
    },
    "group4": {
        "name": "failed",
        "count": 0,
        "percentage": 0
    },
    "meanNumberOfRequestsPerSecond": {
        "total": 0.003472222222222222,
        "ok": 0.003472222222222222,
        "ko": 0
    }
}
    },"req_request-18-f5b64": {
        "type": "REQUEST",
        "name": "request_18",
"path": "request_18",
"pathFormatted": "req_request-18-f5b64",
"stats": {
    "name": "request_18",
    "numberOfRequests": {
        "total": 1,
        "ok": 0,
        "ko": 1
    },
    "minResponseTime": {
        "total": 115,
        "ok": 0,
        "ko": 115
    },
    "maxResponseTime": {
        "total": 115,
        "ok": 0,
        "ko": 115
    },
    "meanResponseTime": {
        "total": 115,
        "ok": 0,
        "ko": 115
    },
    "standardDeviation": {
        "total": 0,
        "ok": 0,
        "ko": 0
    },
    "percentiles1": {
        "total": 115,
        "ok": 0,
        "ko": 115
    },
    "percentiles2": {
        "total": 115,
        "ok": 0,
        "ko": 115
    },
    "percentiles3": {
        "total": 115,
        "ok": 0,
        "ko": 115
    },
    "percentiles4": {
        "total": 115,
        "ok": 0,
        "ko": 115
    },
    "group1": {
        "name": "t < 800 ms",
        "count": 0,
        "percentage": 0
    },
    "group2": {
        "name": "800 ms < t < 1200 ms",
        "count": 0,
        "percentage": 0
    },
    "group3": {
        "name": "t > 1200 ms",
        "count": 0,
        "percentage": 0
    },
    "group4": {
        "name": "failed",
        "count": 1,
        "percentage": 100
    },
    "meanNumberOfRequestsPerSecond": {
        "total": 0.003472222222222222,
        "ok": 0,
        "ko": 0.003472222222222222
    }
}
    },"req_request-19-10d85": {
        "type": "REQUEST",
        "name": "request_19",
"path": "request_19",
"pathFormatted": "req_request-19-10d85",
"stats": {
    "name": "request_19",
    "numberOfRequests": {
        "total": 1,
        "ok": 1,
        "ko": 0
    },
    "minResponseTime": {
        "total": 248,
        "ok": 248,
        "ko": 0
    },
    "maxResponseTime": {
        "total": 248,
        "ok": 248,
        "ko": 0
    },
    "meanResponseTime": {
        "total": 248,
        "ok": 248,
        "ko": 0
    },
    "standardDeviation": {
        "total": 0,
        "ok": 0,
        "ko": 0
    },
    "percentiles1": {
        "total": 248,
        "ok": 248,
        "ko": 0
    },
    "percentiles2": {
        "total": 248,
        "ok": 248,
        "ko": 0
    },
    "percentiles3": {
        "total": 248,
        "ok": 248,
        "ko": 0
    },
    "percentiles4": {
        "total": 248,
        "ok": 248,
        "ko": 0
    },
    "group1": {
        "name": "t < 800 ms",
        "count": 1,
        "percentage": 100
    },
    "group2": {
        "name": "800 ms < t < 1200 ms",
        "count": 0,
        "percentage": 0
    },
    "group3": {
        "name": "t > 1200 ms",
        "count": 0,
        "percentage": 0
    },
    "group4": {
        "name": "failed",
        "count": 0,
        "percentage": 0
    },
    "meanNumberOfRequestsPerSecond": {
        "total": 0.003472222222222222,
        "ok": 0.003472222222222222,
        "ko": 0
    }
}
    },"req_request-20-6804b": {
        "type": "REQUEST",
        "name": "request_20",
"path": "request_20",
"pathFormatted": "req_request-20-6804b",
"stats": {
    "name": "request_20",
    "numberOfRequests": {
        "total": 1,
        "ok": 1,
        "ko": 0
    },
    "minResponseTime": {
        "total": 158,
        "ok": 158,
        "ko": 0
    },
    "maxResponseTime": {
        "total": 158,
        "ok": 158,
        "ko": 0
    },
    "meanResponseTime": {
        "total": 158,
        "ok": 158,
        "ko": 0
    },
    "standardDeviation": {
        "total": 0,
        "ok": 0,
        "ko": 0
    },
    "percentiles1": {
        "total": 158,
        "ok": 158,
        "ko": 0
    },
    "percentiles2": {
        "total": 158,
        "ok": 158,
        "ko": 0
    },
    "percentiles3": {
        "total": 158,
        "ok": 158,
        "ko": 0
    },
    "percentiles4": {
        "total": 158,
        "ok": 158,
        "ko": 0
    },
    "group1": {
        "name": "t < 800 ms",
        "count": 1,
        "percentage": 100
    },
    "group2": {
        "name": "800 ms < t < 1200 ms",
        "count": 0,
        "percentage": 0
    },
    "group3": {
        "name": "t > 1200 ms",
        "count": 0,
        "percentage": 0
    },
    "group4": {
        "name": "failed",
        "count": 0,
        "percentage": 0
    },
    "meanNumberOfRequestsPerSecond": {
        "total": 0.003472222222222222,
        "ok": 0.003472222222222222,
        "ko": 0
    }
}
    },"req_request-21-be4cb": {
        "type": "REQUEST",
        "name": "request_21",
"path": "request_21",
"pathFormatted": "req_request-21-be4cb",
"stats": {
    "name": "request_21",
    "numberOfRequests": {
        "total": 1,
        "ok": 0,
        "ko": 1
    },
    "minResponseTime": {
        "total": 116,
        "ok": 0,
        "ko": 116
    },
    "maxResponseTime": {
        "total": 116,
        "ok": 0,
        "ko": 116
    },
    "meanResponseTime": {
        "total": 116,
        "ok": 0,
        "ko": 116
    },
    "standardDeviation": {
        "total": 0,
        "ok": 0,
        "ko": 0
    },
    "percentiles1": {
        "total": 116,
        "ok": 0,
        "ko": 116
    },
    "percentiles2": {
        "total": 116,
        "ok": 0,
        "ko": 116
    },
    "percentiles3": {
        "total": 116,
        "ok": 0,
        "ko": 116
    },
    "percentiles4": {
        "total": 116,
        "ok": 0,
        "ko": 116
    },
    "group1": {
        "name": "t < 800 ms",
        "count": 0,
        "percentage": 0
    },
    "group2": {
        "name": "800 ms < t < 1200 ms",
        "count": 0,
        "percentage": 0
    },
    "group3": {
        "name": "t > 1200 ms",
        "count": 0,
        "percentage": 0
    },
    "group4": {
        "name": "failed",
        "count": 1,
        "percentage": 100
    },
    "meanNumberOfRequestsPerSecond": {
        "total": 0.003472222222222222,
        "ok": 0,
        "ko": 0.003472222222222222
    }
}
    },"req_request-22-8ecb1": {
        "type": "REQUEST",
        "name": "request_22",
"path": "request_22",
"pathFormatted": "req_request-22-8ecb1",
"stats": {
    "name": "request_22",
    "numberOfRequests": {
        "total": 1,
        "ok": 1,
        "ko": 0
    },
    "minResponseTime": {
        "total": 167,
        "ok": 167,
        "ko": 0
    },
    "maxResponseTime": {
        "total": 167,
        "ok": 167,
        "ko": 0
    },
    "meanResponseTime": {
        "total": 167,
        "ok": 167,
        "ko": 0
    },
    "standardDeviation": {
        "total": 0,
        "ok": 0,
        "ko": 0
    },
    "percentiles1": {
        "total": 167,
        "ok": 167,
        "ko": 0
    },
    "percentiles2": {
        "total": 167,
        "ok": 167,
        "ko": 0
    },
    "percentiles3": {
        "total": 167,
        "ok": 167,
        "ko": 0
    },
    "percentiles4": {
        "total": 167,
        "ok": 167,
        "ko": 0
    },
    "group1": {
        "name": "t < 800 ms",
        "count": 1,
        "percentage": 100
    },
    "group2": {
        "name": "800 ms < t < 1200 ms",
        "count": 0,
        "percentage": 0
    },
    "group3": {
        "name": "t > 1200 ms",
        "count": 0,
        "percentage": 0
    },
    "group4": {
        "name": "failed",
        "count": 0,
        "percentage": 0
    },
    "meanNumberOfRequestsPerSecond": {
        "total": 0.003472222222222222,
        "ok": 0.003472222222222222,
        "ko": 0
    }
}
    },"req_request-23-98f5d": {
        "type": "REQUEST",
        "name": "request_23",
"path": "request_23",
"pathFormatted": "req_request-23-98f5d",
"stats": {
    "name": "request_23",
    "numberOfRequests": {
        "total": 1,
        "ok": 1,
        "ko": 0
    },
    "minResponseTime": {
        "total": 214,
        "ok": 214,
        "ko": 0
    },
    "maxResponseTime": {
        "total": 214,
        "ok": 214,
        "ko": 0
    },
    "meanResponseTime": {
        "total": 214,
        "ok": 214,
        "ko": 0
    },
    "standardDeviation": {
        "total": 0,
        "ok": 0,
        "ko": 0
    },
    "percentiles1": {
        "total": 214,
        "ok": 214,
        "ko": 0
    },
    "percentiles2": {
        "total": 214,
        "ok": 214,
        "ko": 0
    },
    "percentiles3": {
        "total": 214,
        "ok": 214,
        "ko": 0
    },
    "percentiles4": {
        "total": 214,
        "ok": 214,
        "ko": 0
    },
    "group1": {
        "name": "t < 800 ms",
        "count": 1,
        "percentage": 100
    },
    "group2": {
        "name": "800 ms < t < 1200 ms",
        "count": 0,
        "percentage": 0
    },
    "group3": {
        "name": "t > 1200 ms",
        "count": 0,
        "percentage": 0
    },
    "group4": {
        "name": "failed",
        "count": 0,
        "percentage": 0
    },
    "meanNumberOfRequestsPerSecond": {
        "total": 0.003472222222222222,
        "ok": 0.003472222222222222,
        "ko": 0
    }
}
    },"req_request-24-dd0c9": {
        "type": "REQUEST",
        "name": "request_24",
"path": "request_24",
"pathFormatted": "req_request-24-dd0c9",
"stats": {
    "name": "request_24",
    "numberOfRequests": {
        "total": 1,
        "ok": 1,
        "ko": 0
    },
    "minResponseTime": {
        "total": 141,
        "ok": 141,
        "ko": 0
    },
    "maxResponseTime": {
        "total": 141,
        "ok": 141,
        "ko": 0
    },
    "meanResponseTime": {
        "total": 141,
        "ok": 141,
        "ko": 0
    },
    "standardDeviation": {
        "total": 0,
        "ok": 0,
        "ko": 0
    },
    "percentiles1": {
        "total": 141,
        "ok": 141,
        "ko": 0
    },
    "percentiles2": {
        "total": 141,
        "ok": 141,
        "ko": 0
    },
    "percentiles3": {
        "total": 141,
        "ok": 141,
        "ko": 0
    },
    "percentiles4": {
        "total": 141,
        "ok": 141,
        "ko": 0
    },
    "group1": {
        "name": "t < 800 ms",
        "count": 1,
        "percentage": 100
    },
    "group2": {
        "name": "800 ms < t < 1200 ms",
        "count": 0,
        "percentage": 0
    },
    "group3": {
        "name": "t > 1200 ms",
        "count": 0,
        "percentage": 0
    },
    "group4": {
        "name": "failed",
        "count": 0,
        "percentage": 0
    },
    "meanNumberOfRequestsPerSecond": {
        "total": 0.003472222222222222,
        "ok": 0.003472222222222222,
        "ko": 0
    }
}
    },"req_request-25-20ee6": {
        "type": "REQUEST",
        "name": "request_25",
"path": "request_25",
"pathFormatted": "req_request-25-20ee6",
"stats": {
    "name": "request_25",
    "numberOfRequests": {
        "total": 1,
        "ok": 1,
        "ko": 0
    },
    "minResponseTime": {
        "total": 362,
        "ok": 362,
        "ko": 0
    },
    "maxResponseTime": {
        "total": 362,
        "ok": 362,
        "ko": 0
    },
    "meanResponseTime": {
        "total": 362,
        "ok": 362,
        "ko": 0
    },
    "standardDeviation": {
        "total": 0,
        "ok": 0,
        "ko": 0
    },
    "percentiles1": {
        "total": 362,
        "ok": 362,
        "ko": 0
    },
    "percentiles2": {
        "total": 362,
        "ok": 362,
        "ko": 0
    },
    "percentiles3": {
        "total": 362,
        "ok": 362,
        "ko": 0
    },
    "percentiles4": {
        "total": 362,
        "ok": 362,
        "ko": 0
    },
    "group1": {
        "name": "t < 800 ms",
        "count": 1,
        "percentage": 100
    },
    "group2": {
        "name": "800 ms < t < 1200 ms",
        "count": 0,
        "percentage": 0
    },
    "group3": {
        "name": "t > 1200 ms",
        "count": 0,
        "percentage": 0
    },
    "group4": {
        "name": "failed",
        "count": 0,
        "percentage": 0
    },
    "meanNumberOfRequestsPerSecond": {
        "total": 0.003472222222222222,
        "ok": 0.003472222222222222,
        "ko": 0
    }
}
    },"req_request-26-18b3c": {
        "type": "REQUEST",
        "name": "request_26",
"path": "request_26",
"pathFormatted": "req_request-26-18b3c",
"stats": {
    "name": "request_26",
    "numberOfRequests": {
        "total": 1,
        "ok": 1,
        "ko": 0
    },
    "minResponseTime": {
        "total": 141,
        "ok": 141,
        "ko": 0
    },
    "maxResponseTime": {
        "total": 141,
        "ok": 141,
        "ko": 0
    },
    "meanResponseTime": {
        "total": 141,
        "ok": 141,
        "ko": 0
    },
    "standardDeviation": {
        "total": 0,
        "ok": 0,
        "ko": 0
    },
    "percentiles1": {
        "total": 141,
        "ok": 141,
        "ko": 0
    },
    "percentiles2": {
        "total": 141,
        "ok": 141,
        "ko": 0
    },
    "percentiles3": {
        "total": 141,
        "ok": 141,
        "ko": 0
    },
    "percentiles4": {
        "total": 141,
        "ok": 141,
        "ko": 0
    },
    "group1": {
        "name": "t < 800 ms",
        "count": 1,
        "percentage": 100
    },
    "group2": {
        "name": "800 ms < t < 1200 ms",
        "count": 0,
        "percentage": 0
    },
    "group3": {
        "name": "t > 1200 ms",
        "count": 0,
        "percentage": 0
    },
    "group4": {
        "name": "failed",
        "count": 0,
        "percentage": 0
    },
    "meanNumberOfRequestsPerSecond": {
        "total": 0.003472222222222222,
        "ok": 0.003472222222222222,
        "ko": 0
    }
}
    },"req_request-27-649b0": {
        "type": "REQUEST",
        "name": "request_27",
"path": "request_27",
"pathFormatted": "req_request-27-649b0",
"stats": {
    "name": "request_27",
    "numberOfRequests": {
        "total": 1,
        "ok": 1,
        "ko": 0
    },
    "minResponseTime": {
        "total": 332,
        "ok": 332,
        "ko": 0
    },
    "maxResponseTime": {
        "total": 332,
        "ok": 332,
        "ko": 0
    },
    "meanResponseTime": {
        "total": 332,
        "ok": 332,
        "ko": 0
    },
    "standardDeviation": {
        "total": 0,
        "ok": 0,
        "ko": 0
    },
    "percentiles1": {
        "total": 332,
        "ok": 332,
        "ko": 0
    },
    "percentiles2": {
        "total": 332,
        "ok": 332,
        "ko": 0
    },
    "percentiles3": {
        "total": 332,
        "ok": 332,
        "ko": 0
    },
    "percentiles4": {
        "total": 332,
        "ok": 332,
        "ko": 0
    },
    "group1": {
        "name": "t < 800 ms",
        "count": 1,
        "percentage": 100
    },
    "group2": {
        "name": "800 ms < t < 1200 ms",
        "count": 0,
        "percentage": 0
    },
    "group3": {
        "name": "t > 1200 ms",
        "count": 0,
        "percentage": 0
    },
    "group4": {
        "name": "failed",
        "count": 0,
        "percentage": 0
    },
    "meanNumberOfRequestsPerSecond": {
        "total": 0.003472222222222222,
        "ok": 0.003472222222222222,
        "ko": 0
    }
}
    },"req_request-28-297b8": {
        "type": "REQUEST",
        "name": "request_28",
"path": "request_28",
"pathFormatted": "req_request-28-297b8",
"stats": {
    "name": "request_28",
    "numberOfRequests": {
        "total": 1,
        "ok": 1,
        "ko": 0
    },
    "minResponseTime": {
        "total": 236,
        "ok": 236,
        "ko": 0
    },
    "maxResponseTime": {
        "total": 236,
        "ok": 236,
        "ko": 0
    },
    "meanResponseTime": {
        "total": 236,
        "ok": 236,
        "ko": 0
    },
    "standardDeviation": {
        "total": 0,
        "ok": 0,
        "ko": 0
    },
    "percentiles1": {
        "total": 236,
        "ok": 236,
        "ko": 0
    },
    "percentiles2": {
        "total": 236,
        "ok": 236,
        "ko": 0
    },
    "percentiles3": {
        "total": 236,
        "ok": 236,
        "ko": 0
    },
    "percentiles4": {
        "total": 236,
        "ok": 236,
        "ko": 0
    },
    "group1": {
        "name": "t < 800 ms",
        "count": 1,
        "percentage": 100
    },
    "group2": {
        "name": "800 ms < t < 1200 ms",
        "count": 0,
        "percentage": 0
    },
    "group3": {
        "name": "t > 1200 ms",
        "count": 0,
        "percentage": 0
    },
    "group4": {
        "name": "failed",
        "count": 0,
        "percentage": 0
    },
    "meanNumberOfRequestsPerSecond": {
        "total": 0.003472222222222222,
        "ok": 0.003472222222222222,
        "ko": 0
    }
}
    },"req_request-29-6a22e": {
        "type": "REQUEST",
        "name": "request_29",
"path": "request_29",
"pathFormatted": "req_request-29-6a22e",
"stats": {
    "name": "request_29",
    "numberOfRequests": {
        "total": 1,
        "ok": 1,
        "ko": 0
    },
    "minResponseTime": {
        "total": 133,
        "ok": 133,
        "ko": 0
    },
    "maxResponseTime": {
        "total": 133,
        "ok": 133,
        "ko": 0
    },
    "meanResponseTime": {
        "total": 133,
        "ok": 133,
        "ko": 0
    },
    "standardDeviation": {
        "total": 0,
        "ok": 0,
        "ko": 0
    },
    "percentiles1": {
        "total": 133,
        "ok": 133,
        "ko": 0
    },
    "percentiles2": {
        "total": 133,
        "ok": 133,
        "ko": 0
    },
    "percentiles3": {
        "total": 133,
        "ok": 133,
        "ko": 0
    },
    "percentiles4": {
        "total": 133,
        "ok": 133,
        "ko": 0
    },
    "group1": {
        "name": "t < 800 ms",
        "count": 1,
        "percentage": 100
    },
    "group2": {
        "name": "800 ms < t < 1200 ms",
        "count": 0,
        "percentage": 0
    },
    "group3": {
        "name": "t > 1200 ms",
        "count": 0,
        "percentage": 0
    },
    "group4": {
        "name": "failed",
        "count": 0,
        "percentage": 0
    },
    "meanNumberOfRequestsPerSecond": {
        "total": 0.003472222222222222,
        "ok": 0.003472222222222222,
        "ko": 0
    }
}
    },"req_request-30-b7b42": {
        "type": "REQUEST",
        "name": "request_30",
"path": "request_30",
"pathFormatted": "req_request-30-b7b42",
"stats": {
    "name": "request_30",
    "numberOfRequests": {
        "total": 1,
        "ok": 1,
        "ko": 0
    },
    "minResponseTime": {
        "total": 212,
        "ok": 212,
        "ko": 0
    },
    "maxResponseTime": {
        "total": 212,
        "ok": 212,
        "ko": 0
    },
    "meanResponseTime": {
        "total": 212,
        "ok": 212,
        "ko": 0
    },
    "standardDeviation": {
        "total": 0,
        "ok": 0,
        "ko": 0
    },
    "percentiles1": {
        "total": 212,
        "ok": 212,
        "ko": 0
    },
    "percentiles2": {
        "total": 212,
        "ok": 212,
        "ko": 0
    },
    "percentiles3": {
        "total": 212,
        "ok": 212,
        "ko": 0
    },
    "percentiles4": {
        "total": 212,
        "ok": 212,
        "ko": 0
    },
    "group1": {
        "name": "t < 800 ms",
        "count": 1,
        "percentage": 100
    },
    "group2": {
        "name": "800 ms < t < 1200 ms",
        "count": 0,
        "percentage": 0
    },
    "group3": {
        "name": "t > 1200 ms",
        "count": 0,
        "percentage": 0
    },
    "group4": {
        "name": "failed",
        "count": 0,
        "percentage": 0
    },
    "meanNumberOfRequestsPerSecond": {
        "total": 0.003472222222222222,
        "ok": 0.003472222222222222,
        "ko": 0
    }
}
    },"req_request-31-261d3": {
        "type": "REQUEST",
        "name": "request_31",
"path": "request_31",
"pathFormatted": "req_request-31-261d3",
"stats": {
    "name": "request_31",
    "numberOfRequests": {
        "total": 1,
        "ok": 1,
        "ko": 0
    },
    "minResponseTime": {
        "total": 119,
        "ok": 119,
        "ko": 0
    },
    "maxResponseTime": {
        "total": 119,
        "ok": 119,
        "ko": 0
    },
    "meanResponseTime": {
        "total": 119,
        "ok": 119,
        "ko": 0
    },
    "standardDeviation": {
        "total": 0,
        "ok": 0,
        "ko": 0
    },
    "percentiles1": {
        "total": 119,
        "ok": 119,
        "ko": 0
    },
    "percentiles2": {
        "total": 119,
        "ok": 119,
        "ko": 0
    },
    "percentiles3": {
        "total": 119,
        "ok": 119,
        "ko": 0
    },
    "percentiles4": {
        "total": 119,
        "ok": 119,
        "ko": 0
    },
    "group1": {
        "name": "t < 800 ms",
        "count": 1,
        "percentage": 100
    },
    "group2": {
        "name": "800 ms < t < 1200 ms",
        "count": 0,
        "percentage": 0
    },
    "group3": {
        "name": "t > 1200 ms",
        "count": 0,
        "percentage": 0
    },
    "group4": {
        "name": "failed",
        "count": 0,
        "percentage": 0
    },
    "meanNumberOfRequestsPerSecond": {
        "total": 0.003472222222222222,
        "ok": 0.003472222222222222,
        "ko": 0
    }
}
    },"req_request-32-84a21": {
        "type": "REQUEST",
        "name": "request_32",
"path": "request_32",
"pathFormatted": "req_request-32-84a21",
"stats": {
    "name": "request_32",
    "numberOfRequests": {
        "total": 1,
        "ok": 1,
        "ko": 0
    },
    "minResponseTime": {
        "total": 140,
        "ok": 140,
        "ko": 0
    },
    "maxResponseTime": {
        "total": 140,
        "ok": 140,
        "ko": 0
    },
    "meanResponseTime": {
        "total": 140,
        "ok": 140,
        "ko": 0
    },
    "standardDeviation": {
        "total": 0,
        "ok": 0,
        "ko": 0
    },
    "percentiles1": {
        "total": 140,
        "ok": 140,
        "ko": 0
    },
    "percentiles2": {
        "total": 140,
        "ok": 140,
        "ko": 0
    },
    "percentiles3": {
        "total": 140,
        "ok": 140,
        "ko": 0
    },
    "percentiles4": {
        "total": 140,
        "ok": 140,
        "ko": 0
    },
    "group1": {
        "name": "t < 800 ms",
        "count": 1,
        "percentage": 100
    },
    "group2": {
        "name": "800 ms < t < 1200 ms",
        "count": 0,
        "percentage": 0
    },
    "group3": {
        "name": "t > 1200 ms",
        "count": 0,
        "percentage": 0
    },
    "group4": {
        "name": "failed",
        "count": 0,
        "percentage": 0
    },
    "meanNumberOfRequestsPerSecond": {
        "total": 0.003472222222222222,
        "ok": 0.003472222222222222,
        "ko": 0
    }
}
    },"req_request-33-6bb92": {
        "type": "REQUEST",
        "name": "request_33",
"path": "request_33",
"pathFormatted": "req_request-33-6bb92",
"stats": {
    "name": "request_33",
    "numberOfRequests": {
        "total": 1,
        "ok": 1,
        "ko": 0
    },
    "minResponseTime": {
        "total": 362,
        "ok": 362,
        "ko": 0
    },
    "maxResponseTime": {
        "total": 362,
        "ok": 362,
        "ko": 0
    },
    "meanResponseTime": {
        "total": 362,
        "ok": 362,
        "ko": 0
    },
    "standardDeviation": {
        "total": 0,
        "ok": 0,
        "ko": 0
    },
    "percentiles1": {
        "total": 362,
        "ok": 362,
        "ko": 0
    },
    "percentiles2": {
        "total": 362,
        "ok": 362,
        "ko": 0
    },
    "percentiles3": {
        "total": 362,
        "ok": 362,
        "ko": 0
    },
    "percentiles4": {
        "total": 362,
        "ok": 362,
        "ko": 0
    },
    "group1": {
        "name": "t < 800 ms",
        "count": 1,
        "percentage": 100
    },
    "group2": {
        "name": "800 ms < t < 1200 ms",
        "count": 0,
        "percentage": 0
    },
    "group3": {
        "name": "t > 1200 ms",
        "count": 0,
        "percentage": 0
    },
    "group4": {
        "name": "failed",
        "count": 0,
        "percentage": 0
    },
    "meanNumberOfRequestsPerSecond": {
        "total": 0.003472222222222222,
        "ok": 0.003472222222222222,
        "ko": 0
    }
}
    }
}

}