{
    "name": "Global Information",
    "numberOfRequests": {
        "total": 220,
        "ok": 201,
        "ko": 19
    },
    "minResponseTime": {
        "total": 94,
        "ok": 97,
        "ko": 94
    },
    "maxResponseTime": {
        "total": 764,
        "ok": 764,
        "ko": 199
    },
    "meanResponseTime": {
        "total": 192,
        "ok": 199,
        "ko": 112
    },
    "standardDeviation": {
        "total": 106,
        "ok": 108,
        "ko": 21
    },
    "percentiles1": {
        "total": 139,
        "ok": 154,
        "ko": 108
    },
    "percentiles2": {
        "total": 209,
        "ok": 278,
        "ko": 112
    },
    "percentiles3": {
        "total": 366,
        "ok": 370,
        "ko": 134
    },
    "percentiles4": {
        "total": 484,
        "ok": 486,
        "ko": 186
    },
    "group1": {
        "name": "t < 800 ms",
        "count": 201,
        "percentage": 91
    },
    "group2": {
        "name": "800 ms < t < 1200 ms",
        "count": 0,
        "percentage": 0
    },
    "group3": {
        "name": "t > 1200 ms",
        "count": 0,
        "percentage": 0
    },
    "group4": {
        "name": "failed",
        "count": 19,
        "percentage": 9
    },
    "meanNumberOfRequestsPerSecond": {
        "total": 0.7457627118644068,
        "ok": 0.6813559322033899,
        "ko": 0.06440677966101695
    }
}