{
  "type": "GROUP",
"name": "Global Information",
"path": "",
"pathFormatted": "group_missing-name-b06d1",
"stats": {
    "name": "Global Information",
    "numberOfRequests": {
        "total": 220,
        "ok": 201,
        "ko": 19
    },
    "minResponseTime": {
        "total": 94,
        "ok": 97,
        "ko": 94
    },
    "maxResponseTime": {
        "total": 764,
        "ok": 764,
        "ko": 199
    },
    "meanResponseTime": {
        "total": 192,
        "ok": 199,
        "ko": 112
    },
    "standardDeviation": {
        "total": 106,
        "ok": 108,
        "ko": 21
    },
    "percentiles1": {
        "total": 139,
        "ok": 154,
        "ko": 108
    },
    "percentiles2": {
        "total": 209,
        "ok": 278,
        "ko": 112
    },
    "percentiles3": {
        "total": 366,
        "ok": 370,
        "ko": 134
    },
    "percentiles4": {
        "total": 484,
        "ok": 486,
        "ko": 186
    },
    "group1": {
        "name": "t < 800 ms",
        "count": 201,
        "percentage": 91
    },
    "group2": {
        "name": "800 ms < t < 1200 ms",
        "count": 0,
        "percentage": 0
    },
    "group3": {
        "name": "t > 1200 ms",
        "count": 0,
        "percentage": 0
    },
    "group4": {
        "name": "failed",
        "count": 19,
        "percentage": 9
    },
    "meanNumberOfRequestsPerSecond": {
        "total": 0.7457627118644068,
        "ok": 0.6813559322033899,
        "ko": 0.06440677966101695
    }
},
"contents": {
"req_request-0-684d2": {
        "type": "REQUEST",
        "name": "request_0",
"path": "request_0",
"pathFormatted": "req_request-0-684d2",
"stats": {
    "name": "request_0",
    "numberOfRequests": {
        "total": 9,
        "ok": 9,
        "ko": 0
    },
    "minResponseTime": {
        "total": 154,
        "ok": 154,
        "ko": 0
    },
    "maxResponseTime": {
        "total": 278,
        "ok": 278,
        "ko": 0
    },
    "meanResponseTime": {
        "total": 179,
        "ok": 179,
        "ko": 0
    },
    "standardDeviation": {
        "total": 37,
        "ok": 37,
        "ko": 0
    },
    "percentiles1": {
        "total": 166,
        "ok": 166,
        "ko": 0
    },
    "percentiles2": {
        "total": 171,
        "ok": 171,
        "ko": 0
    },
    "percentiles3": {
        "total": 247,
        "ok": 247,
        "ko": 0
    },
    "percentiles4": {
        "total": 272,
        "ok": 272,
        "ko": 0
    },
    "group1": {
        "name": "t < 800 ms",
        "count": 9,
        "percentage": 100
    },
    "group2": {
        "name": "800 ms < t < 1200 ms",
        "count": 0,
        "percentage": 0
    },
    "group3": {
        "name": "t > 1200 ms",
        "count": 0,
        "percentage": 0
    },
    "group4": {
        "name": "failed",
        "count": 0,
        "percentage": 0
    },
    "meanNumberOfRequestsPerSecond": {
        "total": 0.030508474576271188,
        "ok": 0.030508474576271188,
        "ko": 0
    }
}
    },"req_request-0-redir-e6ac5": {
        "type": "REQUEST",
        "name": "request_0 Redirect 1",
"path": "request_0 Redirect 1",
"pathFormatted": "req_request-0-redir-e6ac5",
"stats": {
    "name": "request_0 Redirect 1",
    "numberOfRequests": {
        "total": 9,
        "ok": 9,
        "ko": 0
    },
    "minResponseTime": {
        "total": 125,
        "ok": 125,
        "ko": 0
    },
    "maxResponseTime": {
        "total": 202,
        "ok": 202,
        "ko": 0
    },
    "meanResponseTime": {
        "total": 145,
        "ok": 145,
        "ko": 0
    },
    "standardDeviation": {
        "total": 22,
        "ok": 22,
        "ko": 0
    },
    "percentiles1": {
        "total": 134,
        "ok": 134,
        "ko": 0
    },
    "percentiles2": {
        "total": 144,
        "ok": 144,
        "ko": 0
    },
    "percentiles3": {
        "total": 186,
        "ok": 186,
        "ko": 0
    },
    "percentiles4": {
        "total": 198,
        "ok": 198,
        "ko": 0
    },
    "group1": {
        "name": "t < 800 ms",
        "count": 9,
        "percentage": 100
    },
    "group2": {
        "name": "800 ms < t < 1200 ms",
        "count": 0,
        "percentage": 0
    },
    "group3": {
        "name": "t > 1200 ms",
        "count": 0,
        "percentage": 0
    },
    "group4": {
        "name": "failed",
        "count": 0,
        "percentage": 0
    },
    "meanNumberOfRequestsPerSecond": {
        "total": 0.030508474576271188,
        "ok": 0.030508474576271188,
        "ko": 0
    }
}
    },"req_request-1-46da4": {
        "type": "REQUEST",
        "name": "request_1",
"path": "request_1",
"pathFormatted": "req_request-1-46da4",
"stats": {
    "name": "request_1",
    "numberOfRequests": {
        "total": 9,
        "ok": 9,
        "ko": 0
    },
    "minResponseTime": {
        "total": 171,
        "ok": 171,
        "ko": 0
    },
    "maxResponseTime": {
        "total": 208,
        "ok": 208,
        "ko": 0
    },
    "meanResponseTime": {
        "total": 187,
        "ok": 187,
        "ko": 0
    },
    "standardDeviation": {
        "total": 10,
        "ok": 10,
        "ko": 0
    },
    "percentiles1": {
        "total": 188,
        "ok": 188,
        "ko": 0
    },
    "percentiles2": {
        "total": 190,
        "ok": 190,
        "ko": 0
    },
    "percentiles3": {
        "total": 203,
        "ok": 203,
        "ko": 0
    },
    "percentiles4": {
        "total": 207,
        "ok": 207,
        "ko": 0
    },
    "group1": {
        "name": "t < 800 ms",
        "count": 9,
        "percentage": 100
    },
    "group2": {
        "name": "800 ms < t < 1200 ms",
        "count": 0,
        "percentage": 0
    },
    "group3": {
        "name": "t > 1200 ms",
        "count": 0,
        "percentage": 0
    },
    "group4": {
        "name": "failed",
        "count": 0,
        "percentage": 0
    },
    "meanNumberOfRequestsPerSecond": {
        "total": 0.030508474576271188,
        "ok": 0.030508474576271188,
        "ko": 0
    }
}
    },"req_request-2-93baf": {
        "type": "REQUEST",
        "name": "request_2",
"path": "request_2",
"pathFormatted": "req_request-2-93baf",
"stats": {
    "name": "request_2",
    "numberOfRequests": {
        "total": 9,
        "ok": 9,
        "ko": 0
    },
    "minResponseTime": {
        "total": 114,
        "ok": 114,
        "ko": 0
    },
    "maxResponseTime": {
        "total": 199,
        "ok": 199,
        "ko": 0
    },
    "meanResponseTime": {
        "total": 142,
        "ok": 142,
        "ko": 0
    },
    "standardDeviation": {
        "total": 25,
        "ok": 25,
        "ko": 0
    },
    "percentiles1": {
        "total": 134,
        "ok": 134,
        "ko": 0
    },
    "percentiles2": {
        "total": 160,
        "ok": 160,
        "ko": 0
    },
    "percentiles3": {
        "total": 184,
        "ok": 184,
        "ko": 0
    },
    "percentiles4": {
        "total": 196,
        "ok": 196,
        "ko": 0
    },
    "group1": {
        "name": "t < 800 ms",
        "count": 9,
        "percentage": 100
    },
    "group2": {
        "name": "800 ms < t < 1200 ms",
        "count": 0,
        "percentage": 0
    },
    "group3": {
        "name": "t > 1200 ms",
        "count": 0,
        "percentage": 0
    },
    "group4": {
        "name": "failed",
        "count": 0,
        "percentage": 0
    },
    "meanNumberOfRequestsPerSecond": {
        "total": 0.030508474576271188,
        "ok": 0.030508474576271188,
        "ko": 0
    }
}
    },"req_request-3-d0973": {
        "type": "REQUEST",
        "name": "request_3",
"path": "request_3",
"pathFormatted": "req_request-3-d0973",
"stats": {
    "name": "request_3",
    "numberOfRequests": {
        "total": 9,
        "ok": 9,
        "ko": 0
    },
    "minResponseTime": {
        "total": 343,
        "ok": 343,
        "ko": 0
    },
    "maxResponseTime": {
        "total": 566,
        "ok": 566,
        "ko": 0
    },
    "meanResponseTime": {
        "total": 417,
        "ok": 417,
        "ko": 0
    },
    "standardDeviation": {
        "total": 74,
        "ok": 74,
        "ko": 0
    },
    "percentiles1": {
        "total": 405,
        "ok": 405,
        "ko": 0
    },
    "percentiles2": {
        "total": 476,
        "ok": 476,
        "ko": 0
    },
    "percentiles3": {
        "total": 534,
        "ok": 534,
        "ko": 0
    },
    "percentiles4": {
        "total": 559,
        "ok": 559,
        "ko": 0
    },
    "group1": {
        "name": "t < 800 ms",
        "count": 9,
        "percentage": 100
    },
    "group2": {
        "name": "800 ms < t < 1200 ms",
        "count": 0,
        "percentage": 0
    },
    "group3": {
        "name": "t > 1200 ms",
        "count": 0,
        "percentage": 0
    },
    "group4": {
        "name": "failed",
        "count": 0,
        "percentage": 0
    },
    "meanNumberOfRequestsPerSecond": {
        "total": 0.030508474576271188,
        "ok": 0.030508474576271188,
        "ko": 0
    }
}
    },"req_request-3-redir-2cb6e": {
        "type": "REQUEST",
        "name": "request_3 Redirect 1",
"path": "request_3 Redirect 1",
"pathFormatted": "req_request-3-redir-2cb6e",
"stats": {
    "name": "request_3 Redirect 1",
    "numberOfRequests": {
        "total": 9,
        "ok": 9,
        "ko": 0
    },
    "minResponseTime": {
        "total": 121,
        "ok": 121,
        "ko": 0
    },
    "maxResponseTime": {
        "total": 764,
        "ok": 764,
        "ko": 0
    },
    "meanResponseTime": {
        "total": 239,
        "ok": 239,
        "ko": 0
    },
    "standardDeviation": {
        "total": 197,
        "ok": 197,
        "ko": 0
    },
    "percentiles1": {
        "total": 179,
        "ok": 179,
        "ko": 0
    },
    "percentiles2": {
        "total": 182,
        "ok": 182,
        "ko": 0
    },
    "percentiles3": {
        "total": 599,
        "ok": 599,
        "ko": 0
    },
    "percentiles4": {
        "total": 731,
        "ok": 731,
        "ko": 0
    },
    "group1": {
        "name": "t < 800 ms",
        "count": 9,
        "percentage": 100
    },
    "group2": {
        "name": "800 ms < t < 1200 ms",
        "count": 0,
        "percentage": 0
    },
    "group3": {
        "name": "t > 1200 ms",
        "count": 0,
        "percentage": 0
    },
    "group4": {
        "name": "failed",
        "count": 0,
        "percentage": 0
    },
    "meanNumberOfRequestsPerSecond": {
        "total": 0.030508474576271188,
        "ok": 0.030508474576271188,
        "ko": 0
    }
}
    },"req_request-4-e7d1b": {
        "type": "REQUEST",
        "name": "request_4",
"path": "request_4",
"pathFormatted": "req_request-4-e7d1b",
"stats": {
    "name": "request_4",
    "numberOfRequests": {
        "total": 9,
        "ok": 5,
        "ko": 4
    },
    "minResponseTime": {
        "total": 97,
        "ok": 97,
        "ko": 100
    },
    "maxResponseTime": {
        "total": 199,
        "ok": 128,
        "ko": 199
    },
    "meanResponseTime": {
        "total": 119,
        "ok": 111,
        "ko": 128
    },
    "standardDeviation": {
        "total": 29,
        "ok": 10,
        "ko": 40
    },
    "percentiles1": {
        "total": 108,
        "ok": 109,
        "ko": 107
    },
    "percentiles2": {
        "total": 117,
        "ok": 117,
        "ko": 130
    },
    "percentiles3": {
        "total": 170,
        "ok": 125,
        "ko": 185
    },
    "percentiles4": {
        "total": 193,
        "ok": 127,
        "ko": 196
    },
    "group1": {
        "name": "t < 800 ms",
        "count": 5,
        "percentage": 56
    },
    "group2": {
        "name": "800 ms < t < 1200 ms",
        "count": 0,
        "percentage": 0
    },
    "group3": {
        "name": "t > 1200 ms",
        "count": 0,
        "percentage": 0
    },
    "group4": {
        "name": "failed",
        "count": 4,
        "percentage": 44
    },
    "meanNumberOfRequestsPerSecond": {
        "total": 0.030508474576271188,
        "ok": 0.01694915254237288,
        "ko": 0.013559322033898305
    }
}
    },"req_request-5-48829": {
        "type": "REQUEST",
        "name": "request_5",
"path": "request_5",
"pathFormatted": "req_request-5-48829",
"stats": {
    "name": "request_5",
    "numberOfRequests": {
        "total": 9,
        "ok": 4,
        "ko": 5
    },
    "minResponseTime": {
        "total": 94,
        "ok": 180,
        "ko": 94
    },
    "maxResponseTime": {
        "total": 197,
        "ok": 197,
        "ko": 127
    },
    "meanResponseTime": {
        "total": 148,
        "ok": 192,
        "ko": 113
    },
    "standardDeviation": {
        "total": 40,
        "ok": 6,
        "ko": 11
    },
    "percentiles1": {
        "total": 127,
        "ok": 195,
        "ko": 120
    },
    "percentiles2": {
        "total": 195,
        "ok": 196,
        "ko": 120
    },
    "percentiles3": {
        "total": 196,
        "ok": 196,
        "ko": 125
    },
    "percentiles4": {
        "total": 196,
        "ok": 196,
        "ko": 126
    },
    "group1": {
        "name": "t < 800 ms",
        "count": 4,
        "percentage": 44
    },
    "group2": {
        "name": "800 ms < t < 1200 ms",
        "count": 0,
        "percentage": 0
    },
    "group3": {
        "name": "t > 1200 ms",
        "count": 0,
        "percentage": 0
    },
    "group4": {
        "name": "failed",
        "count": 5,
        "percentage": 56
    },
    "meanNumberOfRequestsPerSecond": {
        "total": 0.030508474576271188,
        "ok": 0.013559322033898305,
        "ko": 0.01694915254237288
    }
}
    },"req_request-6-027a9": {
        "type": "REQUEST",
        "name": "request_6",
"path": "request_6",
"pathFormatted": "req_request-6-027a9",
"stats": {
    "name": "request_6",
    "numberOfRequests": {
        "total": 9,
        "ok": 9,
        "ko": 0
    },
    "minResponseTime": {
        "total": 104,
        "ok": 104,
        "ko": 0
    },
    "maxResponseTime": {
        "total": 122,
        "ok": 122,
        "ko": 0
    },
    "meanResponseTime": {
        "total": 112,
        "ok": 112,
        "ko": 0
    },
    "standardDeviation": {
        "total": 6,
        "ok": 6,
        "ko": 0
    },
    "percentiles1": {
        "total": 108,
        "ok": 108,
        "ko": 0
    },
    "percentiles2": {
        "total": 119,
        "ok": 119,
        "ko": 0
    },
    "percentiles3": {
        "total": 121,
        "ok": 121,
        "ko": 0
    },
    "percentiles4": {
        "total": 121,
        "ok": 121,
        "ko": 0
    },
    "group1": {
        "name": "t < 800 ms",
        "count": 9,
        "percentage": 100
    },
    "group2": {
        "name": "800 ms < t < 1200 ms",
        "count": 0,
        "percentage": 0
    },
    "group3": {
        "name": "t > 1200 ms",
        "count": 0,
        "percentage": 0
    },
    "group4": {
        "name": "failed",
        "count": 0,
        "percentage": 0
    },
    "meanNumberOfRequestsPerSecond": {
        "total": 0.030508474576271188,
        "ok": 0.030508474576271188,
        "ko": 0
    }
}
    },"req_request-7-f222f": {
        "type": "REQUEST",
        "name": "request_7",
"path": "request_7",
"pathFormatted": "req_request-7-f222f",
"stats": {
    "name": "request_7",
    "numberOfRequests": {
        "total": 5,
        "ok": 5,
        "ko": 0
    },
    "minResponseTime": {
        "total": 170,
        "ok": 170,
        "ko": 0
    },
    "maxResponseTime": {
        "total": 249,
        "ok": 249,
        "ko": 0
    },
    "meanResponseTime": {
        "total": 197,
        "ok": 197,
        "ko": 0
    },
    "standardDeviation": {
        "total": 27,
        "ok": 27,
        "ko": 0
    },
    "percentiles1": {
        "total": 191,
        "ok": 191,
        "ko": 0
    },
    "percentiles2": {
        "total": 198,
        "ok": 198,
        "ko": 0
    },
    "percentiles3": {
        "total": 238,
        "ok": 238,
        "ko": 0
    },
    "percentiles4": {
        "total": 246,
        "ok": 246,
        "ko": 0
    },
    "group1": {
        "name": "t < 800 ms",
        "count": 5,
        "percentage": 100
    },
    "group2": {
        "name": "800 ms < t < 1200 ms",
        "count": 0,
        "percentage": 0
    },
    "group3": {
        "name": "t > 1200 ms",
        "count": 0,
        "percentage": 0
    },
    "group4": {
        "name": "failed",
        "count": 0,
        "percentage": 0
    },
    "meanNumberOfRequestsPerSecond": {
        "total": 0.01694915254237288,
        "ok": 0.01694915254237288,
        "ko": 0
    }
}
    },"req_request-8-ef0c8": {
        "type": "REQUEST",
        "name": "request_8",
"path": "request_8",
"pathFormatted": "req_request-8-ef0c8",
"stats": {
    "name": "request_8",
    "numberOfRequests": {
        "total": 5,
        "ok": 5,
        "ko": 0
    },
    "minResponseTime": {
        "total": 101,
        "ok": 101,
        "ko": 0
    },
    "maxResponseTime": {
        "total": 133,
        "ok": 133,
        "ko": 0
    },
    "meanResponseTime": {
        "total": 113,
        "ok": 113,
        "ko": 0
    },
    "standardDeviation": {
        "total": 13,
        "ok": 13,
        "ko": 0
    },
    "percentiles1": {
        "total": 103,
        "ok": 103,
        "ko": 0
    },
    "percentiles2": {
        "total": 127,
        "ok": 127,
        "ko": 0
    },
    "percentiles3": {
        "total": 131,
        "ok": 131,
        "ko": 0
    },
    "percentiles4": {
        "total": 132,
        "ok": 132,
        "ko": 0
    },
    "group1": {
        "name": "t < 800 ms",
        "count": 5,
        "percentage": 100
    },
    "group2": {
        "name": "800 ms < t < 1200 ms",
        "count": 0,
        "percentage": 0
    },
    "group3": {
        "name": "t > 1200 ms",
        "count": 0,
        "percentage": 0
    },
    "group4": {
        "name": "failed",
        "count": 0,
        "percentage": 0
    },
    "meanNumberOfRequestsPerSecond": {
        "total": 0.01694915254237288,
        "ok": 0.01694915254237288,
        "ko": 0
    }
}
    },"req_request-9-d127e": {
        "type": "REQUEST",
        "name": "request_9",
"path": "request_9",
"pathFormatted": "req_request-9-d127e",
"stats": {
    "name": "request_9",
    "numberOfRequests": {
        "total": 9,
        "ok": 9,
        "ko": 0
    },
    "minResponseTime": {
        "total": 327,
        "ok": 327,
        "ko": 0
    },
    "maxResponseTime": {
        "total": 366,
        "ok": 366,
        "ko": 0
    },
    "meanResponseTime": {
        "total": 347,
        "ok": 347,
        "ko": 0
    },
    "standardDeviation": {
        "total": 11,
        "ok": 11,
        "ko": 0
    },
    "percentiles1": {
        "total": 346,
        "ok": 346,
        "ko": 0
    },
    "percentiles2": {
        "total": 357,
        "ok": 357,
        "ko": 0
    },
    "percentiles3": {
        "total": 362,
        "ok": 362,
        "ko": 0
    },
    "percentiles4": {
        "total": 365,
        "ok": 365,
        "ko": 0
    },
    "group1": {
        "name": "t < 800 ms",
        "count": 9,
        "percentage": 100
    },
    "group2": {
        "name": "800 ms < t < 1200 ms",
        "count": 0,
        "percentage": 0
    },
    "group3": {
        "name": "t > 1200 ms",
        "count": 0,
        "percentage": 0
    },
    "group4": {
        "name": "failed",
        "count": 0,
        "percentage": 0
    },
    "meanNumberOfRequestsPerSecond": {
        "total": 0.030508474576271188,
        "ok": 0.030508474576271188,
        "ko": 0
    }
}
    },"req_request-10-1cfbe": {
        "type": "REQUEST",
        "name": "request_10",
"path": "request_10",
"pathFormatted": "req_request-10-1cfbe",
"stats": {
    "name": "request_10",
    "numberOfRequests": {
        "total": 5,
        "ok": 5,
        "ko": 0
    },
    "minResponseTime": {
        "total": 126,
        "ok": 126,
        "ko": 0
    },
    "maxResponseTime": {
        "total": 136,
        "ok": 136,
        "ko": 0
    },
    "meanResponseTime": {
        "total": 129,
        "ok": 129,
        "ko": 0
    },
    "standardDeviation": {
        "total": 4,
        "ok": 4,
        "ko": 0
    },
    "percentiles1": {
        "total": 126,
        "ok": 126,
        "ko": 0
    },
    "percentiles2": {
        "total": 135,
        "ok": 135,
        "ko": 0
    },
    "percentiles3": {
        "total": 135,
        "ok": 135,
        "ko": 0
    },
    "percentiles4": {
        "total": 135,
        "ok": 135,
        "ko": 0
    },
    "group1": {
        "name": "t < 800 ms",
        "count": 5,
        "percentage": 100
    },
    "group2": {
        "name": "800 ms < t < 1200 ms",
        "count": 0,
        "percentage": 0
    },
    "group3": {
        "name": "t > 1200 ms",
        "count": 0,
        "percentage": 0
    },
    "group4": {
        "name": "failed",
        "count": 0,
        "percentage": 0
    },
    "meanNumberOfRequestsPerSecond": {
        "total": 0.01694915254237288,
        "ok": 0.01694915254237288,
        "ko": 0
    }
}
    },"req_request-11-f11e8": {
        "type": "REQUEST",
        "name": "request_11",
"path": "request_11",
"pathFormatted": "req_request-11-f11e8",
"stats": {
    "name": "request_11",
    "numberOfRequests": {
        "total": 5,
        "ok": 5,
        "ko": 0
    },
    "minResponseTime": {
        "total": 124,
        "ok": 124,
        "ko": 0
    },
    "maxResponseTime": {
        "total": 331,
        "ok": 331,
        "ko": 0
    },
    "meanResponseTime": {
        "total": 205,
        "ok": 205,
        "ko": 0
    },
    "standardDeviation": {
        "total": 93,
        "ok": 93,
        "ko": 0
    },
    "percentiles1": {
        "total": 134,
        "ok": 134,
        "ko": 0
    },
    "percentiles2": {
        "total": 306,
        "ok": 306,
        "ko": 0
    },
    "percentiles3": {
        "total": 326,
        "ok": 326,
        "ko": 0
    },
    "percentiles4": {
        "total": 330,
        "ok": 330,
        "ko": 0
    },
    "group1": {
        "name": "t < 800 ms",
        "count": 5,
        "percentage": 100
    },
    "group2": {
        "name": "800 ms < t < 1200 ms",
        "count": 0,
        "percentage": 0
    },
    "group3": {
        "name": "t > 1200 ms",
        "count": 0,
        "percentage": 0
    },
    "group4": {
        "name": "failed",
        "count": 0,
        "percentage": 0
    },
    "meanNumberOfRequestsPerSecond": {
        "total": 0.01694915254237288,
        "ok": 0.01694915254237288,
        "ko": 0
    }
}
    },"req_request-12-61da2": {
        "type": "REQUEST",
        "name": "request_12",
"path": "request_12",
"pathFormatted": "req_request-12-61da2",
"stats": {
    "name": "request_12",
    "numberOfRequests": {
        "total": 5,
        "ok": 5,
        "ko": 0
    },
    "minResponseTime": {
        "total": 104,
        "ok": 104,
        "ko": 0
    },
    "maxResponseTime": {
        "total": 265,
        "ok": 265,
        "ko": 0
    },
    "meanResponseTime": {
        "total": 162,
        "ok": 162,
        "ko": 0
    },
    "standardDeviation": {
        "total": 54,
        "ok": 54,
        "ko": 0
    },
    "percentiles1": {
        "total": 145,
        "ok": 145,
        "ko": 0
    },
    "percentiles2": {
        "total": 160,
        "ok": 160,
        "ko": 0
    },
    "percentiles3": {
        "total": 243,
        "ok": 243,
        "ko": 0
    },
    "percentiles4": {
        "total": 260,
        "ok": 260,
        "ko": 0
    },
    "group1": {
        "name": "t < 800 ms",
        "count": 5,
        "percentage": 100
    },
    "group2": {
        "name": "800 ms < t < 1200 ms",
        "count": 0,
        "percentage": 0
    },
    "group3": {
        "name": "t > 1200 ms",
        "count": 0,
        "percentage": 0
    },
    "group4": {
        "name": "failed",
        "count": 0,
        "percentage": 0
    },
    "meanNumberOfRequestsPerSecond": {
        "total": 0.01694915254237288,
        "ok": 0.01694915254237288,
        "ko": 0
    }
}
    },"req_request-13-5cca6": {
        "type": "REQUEST",
        "name": "request_13",
"path": "request_13",
"pathFormatted": "req_request-13-5cca6",
"stats": {
    "name": "request_13",
    "numberOfRequests": {
        "total": 5,
        "ok": 5,
        "ko": 0
    },
    "minResponseTime": {
        "total": 342,
        "ok": 342,
        "ko": 0
    },
    "maxResponseTime": {
        "total": 370,
        "ok": 370,
        "ko": 0
    },
    "meanResponseTime": {
        "total": 350,
        "ok": 350,
        "ko": 0
    },
    "standardDeviation": {
        "total": 10,
        "ok": 10,
        "ko": 0
    },
    "percentiles1": {
        "total": 344,
        "ok": 344,
        "ko": 0
    },
    "percentiles2": {
        "total": 352,
        "ok": 352,
        "ko": 0
    },
    "percentiles3": {
        "total": 366,
        "ok": 366,
        "ko": 0
    },
    "percentiles4": {
        "total": 369,
        "ok": 369,
        "ko": 0
    },
    "group1": {
        "name": "t < 800 ms",
        "count": 5,
        "percentage": 100
    },
    "group2": {
        "name": "800 ms < t < 1200 ms",
        "count": 0,
        "percentage": 0
    },
    "group3": {
        "name": "t > 1200 ms",
        "count": 0,
        "percentage": 0
    },
    "group4": {
        "name": "failed",
        "count": 0,
        "percentage": 0
    },
    "meanNumberOfRequestsPerSecond": {
        "total": 0.01694915254237288,
        "ok": 0.01694915254237288,
        "ko": 0
    }
}
    },"req_request-14-a0e30": {
        "type": "REQUEST",
        "name": "request_14",
"path": "request_14",
"pathFormatted": "req_request-14-a0e30",
"stats": {
    "name": "request_14",
    "numberOfRequests": {
        "total": 5,
        "ok": 5,
        "ko": 0
    },
    "minResponseTime": {
        "total": 124,
        "ok": 124,
        "ko": 0
    },
    "maxResponseTime": {
        "total": 135,
        "ok": 135,
        "ko": 0
    },
    "meanResponseTime": {
        "total": 129,
        "ok": 129,
        "ko": 0
    },
    "standardDeviation": {
        "total": 4,
        "ok": 4,
        "ko": 0
    },
    "percentiles1": {
        "total": 130,
        "ok": 130,
        "ko": 0
    },
    "percentiles2": {
        "total": 132,
        "ok": 132,
        "ko": 0
    },
    "percentiles3": {
        "total": 134,
        "ok": 134,
        "ko": 0
    },
    "percentiles4": {
        "total": 134,
        "ok": 134,
        "ko": 0
    },
    "group1": {
        "name": "t < 800 ms",
        "count": 5,
        "percentage": 100
    },
    "group2": {
        "name": "800 ms < t < 1200 ms",
        "count": 0,
        "percentage": 0
    },
    "group3": {
        "name": "t > 1200 ms",
        "count": 0,
        "percentage": 0
    },
    "group4": {
        "name": "failed",
        "count": 0,
        "percentage": 0
    },
    "meanNumberOfRequestsPerSecond": {
        "total": 0.01694915254237288,
        "ok": 0.01694915254237288,
        "ko": 0
    }
}
    },"req_request-15-56eac": {
        "type": "REQUEST",
        "name": "request_15",
"path": "request_15",
"pathFormatted": "req_request-15-56eac",
"stats": {
    "name": "request_15",
    "numberOfRequests": {
        "total": 5,
        "ok": 5,
        "ko": 0
    },
    "minResponseTime": {
        "total": 332,
        "ok": 332,
        "ko": 0
    },
    "maxResponseTime": {
        "total": 362,
        "ok": 362,
        "ko": 0
    },
    "meanResponseTime": {
        "total": 346,
        "ok": 346,
        "ko": 0
    },
    "standardDeviation": {
        "total": 10,
        "ok": 10,
        "ko": 0
    },
    "percentiles1": {
        "total": 347,
        "ok": 347,
        "ko": 0
    },
    "percentiles2": {
        "total": 351,
        "ok": 351,
        "ko": 0
    },
    "percentiles3": {
        "total": 359,
        "ok": 359,
        "ko": 0
    },
    "percentiles4": {
        "total": 361,
        "ok": 361,
        "ko": 0
    },
    "group1": {
        "name": "t < 800 ms",
        "count": 5,
        "percentage": 100
    },
    "group2": {
        "name": "800 ms < t < 1200 ms",
        "count": 0,
        "percentage": 0
    },
    "group3": {
        "name": "t > 1200 ms",
        "count": 0,
        "percentage": 0
    },
    "group4": {
        "name": "failed",
        "count": 0,
        "percentage": 0
    },
    "meanNumberOfRequestsPerSecond": {
        "total": 0.01694915254237288,
        "ok": 0.01694915254237288,
        "ko": 0
    }
}
    },"req_request-16-24733": {
        "type": "REQUEST",
        "name": "request_16",
"path": "request_16",
"pathFormatted": "req_request-16-24733",
"stats": {
    "name": "request_16",
    "numberOfRequests": {
        "total": 5,
        "ok": 5,
        "ko": 0
    },
    "minResponseTime": {
        "total": 121,
        "ok": 121,
        "ko": 0
    },
    "maxResponseTime": {
        "total": 137,
        "ok": 137,
        "ko": 0
    },
    "meanResponseTime": {
        "total": 127,
        "ok": 127,
        "ko": 0
    },
    "standardDeviation": {
        "total": 5,
        "ok": 5,
        "ko": 0
    },
    "percentiles1": {
        "total": 125,
        "ok": 125,
        "ko": 0
    },
    "percentiles2": {
        "total": 128,
        "ok": 128,
        "ko": 0
    },
    "percentiles3": {
        "total": 135,
        "ok": 135,
        "ko": 0
    },
    "percentiles4": {
        "total": 136,
        "ok": 136,
        "ko": 0
    },
    "group1": {
        "name": "t < 800 ms",
        "count": 5,
        "percentage": 100
    },
    "group2": {
        "name": "800 ms < t < 1200 ms",
        "count": 0,
        "percentage": 0
    },
    "group3": {
        "name": "t > 1200 ms",
        "count": 0,
        "percentage": 0
    },
    "group4": {
        "name": "failed",
        "count": 0,
        "percentage": 0
    },
    "meanNumberOfRequestsPerSecond": {
        "total": 0.01694915254237288,
        "ok": 0.01694915254237288,
        "ko": 0
    }
}
    },"req_request-17-cd6a2": {
        "type": "REQUEST",
        "name": "request_17",
"path": "request_17",
"pathFormatted": "req_request-17-cd6a2",
"stats": {
    "name": "request_17",
    "numberOfRequests": {
        "total": 5,
        "ok": 5,
        "ko": 0
    },
    "minResponseTime": {
        "total": 116,
        "ok": 116,
        "ko": 0
    },
    "maxResponseTime": {
        "total": 146,
        "ok": 146,
        "ko": 0
    },
    "meanResponseTime": {
        "total": 125,
        "ok": 125,
        "ko": 0
    },
    "standardDeviation": {
        "total": 10,
        "ok": 10,
        "ko": 0
    },
    "percentiles1": {
        "total": 123,
        "ok": 123,
        "ko": 0
    },
    "percentiles2": {
        "total": 124,
        "ok": 124,
        "ko": 0
    },
    "percentiles3": {
        "total": 141,
        "ok": 141,
        "ko": 0
    },
    "percentiles4": {
        "total": 145,
        "ok": 145,
        "ko": 0
    },
    "group1": {
        "name": "t < 800 ms",
        "count": 5,
        "percentage": 100
    },
    "group2": {
        "name": "800 ms < t < 1200 ms",
        "count": 0,
        "percentage": 0
    },
    "group3": {
        "name": "t > 1200 ms",
        "count": 0,
        "percentage": 0
    },
    "group4": {
        "name": "failed",
        "count": 0,
        "percentage": 0
    },
    "meanNumberOfRequestsPerSecond": {
        "total": 0.01694915254237288,
        "ok": 0.01694915254237288,
        "ko": 0
    }
}
    },"req_request-18-f5b64": {
        "type": "REQUEST",
        "name": "request_18",
"path": "request_18",
"pathFormatted": "req_request-18-f5b64",
"stats": {
    "name": "request_18",
    "numberOfRequests": {
        "total": 5,
        "ok": 0,
        "ko": 5
    },
    "minResponseTime": {
        "total": 100,
        "ok": 0,
        "ko": 100
    },
    "maxResponseTime": {
        "total": 109,
        "ok": 0,
        "ko": 109
    },
    "meanResponseTime": {
        "total": 104,
        "ok": 0,
        "ko": 104
    },
    "standardDeviation": {
        "total": 3,
        "ok": 0,
        "ko": 3
    },
    "percentiles1": {
        "total": 106,
        "ok": 0,
        "ko": 106
    },
    "percentiles2": {
        "total": 108,
        "ok": 0,
        "ko": 108
    },
    "percentiles3": {
        "total": 108,
        "ok": 0,
        "ko": 108
    },
    "percentiles4": {
        "total": 108,
        "ok": 0,
        "ko": 108
    },
    "group1": {
        "name": "t < 800 ms",
        "count": 0,
        "percentage": 0
    },
    "group2": {
        "name": "800 ms < t < 1200 ms",
        "count": 0,
        "percentage": 0
    },
    "group3": {
        "name": "t > 1200 ms",
        "count": 0,
        "percentage": 0
    },
    "group4": {
        "name": "failed",
        "count": 5,
        "percentage": 100
    },
    "meanNumberOfRequestsPerSecond": {
        "total": 0.01694915254237288,
        "ok": 0,
        "ko": 0.01694915254237288
    }
}
    },"req_request-19-10d85": {
        "type": "REQUEST",
        "name": "request_19",
"path": "request_19",
"pathFormatted": "req_request-19-10d85",
"stats": {
    "name": "request_19",
    "numberOfRequests": {
        "total": 5,
        "ok": 5,
        "ko": 0
    },
    "minResponseTime": {
        "total": 102,
        "ok": 102,
        "ko": 0
    },
    "maxResponseTime": {
        "total": 160,
        "ok": 160,
        "ko": 0
    },
    "meanResponseTime": {
        "total": 118,
        "ok": 118,
        "ko": 0
    },
    "standardDeviation": {
        "total": 21,
        "ok": 21,
        "ko": 0
    },
    "percentiles1": {
        "total": 110,
        "ok": 110,
        "ko": 0
    },
    "percentiles2": {
        "total": 111,
        "ok": 111,
        "ko": 0
    },
    "percentiles3": {
        "total": 150,
        "ok": 150,
        "ko": 0
    },
    "percentiles4": {
        "total": 158,
        "ok": 158,
        "ko": 0
    },
    "group1": {
        "name": "t < 800 ms",
        "count": 5,
        "percentage": 100
    },
    "group2": {
        "name": "800 ms < t < 1200 ms",
        "count": 0,
        "percentage": 0
    },
    "group3": {
        "name": "t > 1200 ms",
        "count": 0,
        "percentage": 0
    },
    "group4": {
        "name": "failed",
        "count": 0,
        "percentage": 0
    },
    "meanNumberOfRequestsPerSecond": {
        "total": 0.01694915254237288,
        "ok": 0.01694915254237288,
        "ko": 0
    }
}
    },"req_request-20-6804b": {
        "type": "REQUEST",
        "name": "request_20",
"path": "request_20",
"pathFormatted": "req_request-20-6804b",
"stats": {
    "name": "request_20",
    "numberOfRequests": {
        "total": 5,
        "ok": 5,
        "ko": 0
    },
    "minResponseTime": {
        "total": 130,
        "ok": 130,
        "ko": 0
    },
    "maxResponseTime": {
        "total": 222,
        "ok": 222,
        "ko": 0
    },
    "meanResponseTime": {
        "total": 156,
        "ok": 156,
        "ko": 0
    },
    "standardDeviation": {
        "total": 33,
        "ok": 33,
        "ko": 0
    },
    "percentiles1": {
        "total": 144,
        "ok": 144,
        "ko": 0
    },
    "percentiles2": {
        "total": 149,
        "ok": 149,
        "ko": 0
    },
    "percentiles3": {
        "total": 207,
        "ok": 207,
        "ko": 0
    },
    "percentiles4": {
        "total": 219,
        "ok": 219,
        "ko": 0
    },
    "group1": {
        "name": "t < 800 ms",
        "count": 5,
        "percentage": 100
    },
    "group2": {
        "name": "800 ms < t < 1200 ms",
        "count": 0,
        "percentage": 0
    },
    "group3": {
        "name": "t > 1200 ms",
        "count": 0,
        "percentage": 0
    },
    "group4": {
        "name": "failed",
        "count": 0,
        "percentage": 0
    },
    "meanNumberOfRequestsPerSecond": {
        "total": 0.01694915254237288,
        "ok": 0.01694915254237288,
        "ko": 0
    }
}
    },"req_request-21-be4cb": {
        "type": "REQUEST",
        "name": "request_21",
"path": "request_21",
"pathFormatted": "req_request-21-be4cb",
"stats": {
    "name": "request_21",
    "numberOfRequests": {
        "total": 5,
        "ok": 0,
        "ko": 5
    },
    "minResponseTime": {
        "total": 98,
        "ok": 0,
        "ko": 98
    },
    "maxResponseTime": {
        "total": 116,
        "ok": 0,
        "ko": 116
    },
    "meanResponseTime": {
        "total": 106,
        "ok": 0,
        "ko": 106
    },
    "standardDeviation": {
        "total": 6,
        "ok": 0,
        "ko": 6
    },
    "percentiles1": {
        "total": 107,
        "ok": 0,
        "ko": 107
    },
    "percentiles2": {
        "total": 109,
        "ok": 0,
        "ko": 109
    },
    "percentiles3": {
        "total": 114,
        "ok": 0,
        "ko": 114
    },
    "percentiles4": {
        "total": 115,
        "ok": 0,
        "ko": 115
    },
    "group1": {
        "name": "t < 800 ms",
        "count": 0,
        "percentage": 0
    },
    "group2": {
        "name": "800 ms < t < 1200 ms",
        "count": 0,
        "percentage": 0
    },
    "group3": {
        "name": "t > 1200 ms",
        "count": 0,
        "percentage": 0
    },
    "group4": {
        "name": "failed",
        "count": 5,
        "percentage": 100
    },
    "meanNumberOfRequestsPerSecond": {
        "total": 0.01694915254237288,
        "ok": 0,
        "ko": 0.01694915254237288
    }
}
    },"req_request-22-8ecb1": {
        "type": "REQUEST",
        "name": "request_22",
"path": "request_22",
"pathFormatted": "req_request-22-8ecb1",
"stats": {
    "name": "request_22",
    "numberOfRequests": {
        "total": 5,
        "ok": 5,
        "ko": 0
    },
    "minResponseTime": {
        "total": 98,
        "ok": 98,
        "ko": 0
    },
    "maxResponseTime": {
        "total": 148,
        "ok": 148,
        "ko": 0
    },
    "meanResponseTime": {
        "total": 114,
        "ok": 114,
        "ko": 0
    },
    "standardDeviation": {
        "total": 17,
        "ok": 17,
        "ko": 0
    },
    "percentiles1": {
        "total": 108,
        "ok": 108,
        "ko": 0
    },
    "percentiles2": {
        "total": 110,
        "ok": 110,
        "ko": 0
    },
    "percentiles3": {
        "total": 140,
        "ok": 140,
        "ko": 0
    },
    "percentiles4": {
        "total": 146,
        "ok": 146,
        "ko": 0
    },
    "group1": {
        "name": "t < 800 ms",
        "count": 5,
        "percentage": 100
    },
    "group2": {
        "name": "800 ms < t < 1200 ms",
        "count": 0,
        "percentage": 0
    },
    "group3": {
        "name": "t > 1200 ms",
        "count": 0,
        "percentage": 0
    },
    "group4": {
        "name": "failed",
        "count": 0,
        "percentage": 0
    },
    "meanNumberOfRequestsPerSecond": {
        "total": 0.01694915254237288,
        "ok": 0.01694915254237288,
        "ko": 0
    }
}
    },"req_request-23-98f5d": {
        "type": "REQUEST",
        "name": "request_23",
"path": "request_23",
"pathFormatted": "req_request-23-98f5d",
"stats": {
    "name": "request_23",
    "numberOfRequests": {
        "total": 5,
        "ok": 5,
        "ko": 0
    },
    "minResponseTime": {
        "total": 185,
        "ok": 185,
        "ko": 0
    },
    "maxResponseTime": {
        "total": 208,
        "ok": 208,
        "ko": 0
    },
    "meanResponseTime": {
        "total": 197,
        "ok": 197,
        "ko": 0
    },
    "standardDeviation": {
        "total": 8,
        "ok": 8,
        "ko": 0
    },
    "percentiles1": {
        "total": 198,
        "ok": 198,
        "ko": 0
    },
    "percentiles2": {
        "total": 204,
        "ok": 204,
        "ko": 0
    },
    "percentiles3": {
        "total": 207,
        "ok": 207,
        "ko": 0
    },
    "percentiles4": {
        "total": 207,
        "ok": 207,
        "ko": 0
    },
    "group1": {
        "name": "t < 800 ms",
        "count": 5,
        "percentage": 100
    },
    "group2": {
        "name": "800 ms < t < 1200 ms",
        "count": 0,
        "percentage": 0
    },
    "group3": {
        "name": "t > 1200 ms",
        "count": 0,
        "percentage": 0
    },
    "group4": {
        "name": "failed",
        "count": 0,
        "percentage": 0
    },
    "meanNumberOfRequestsPerSecond": {
        "total": 0.01694915254237288,
        "ok": 0.01694915254237288,
        "ko": 0
    }
}
    },"req_request-24-dd0c9": {
        "type": "REQUEST",
        "name": "request_24",
"path": "request_24",
"pathFormatted": "req_request-24-dd0c9",
"stats": {
    "name": "request_24",
    "numberOfRequests": {
        "total": 5,
        "ok": 5,
        "ko": 0
    },
    "minResponseTime": {
        "total": 102,
        "ok": 102,
        "ko": 0
    },
    "maxResponseTime": {
        "total": 140,
        "ok": 140,
        "ko": 0
    },
    "meanResponseTime": {
        "total": 122,
        "ok": 122,
        "ko": 0
    },
    "standardDeviation": {
        "total": 13,
        "ok": 13,
        "ko": 0
    },
    "percentiles1": {
        "total": 124,
        "ok": 124,
        "ko": 0
    },
    "percentiles2": {
        "total": 132,
        "ok": 132,
        "ko": 0
    },
    "percentiles3": {
        "total": 138,
        "ok": 138,
        "ko": 0
    },
    "percentiles4": {
        "total": 139,
        "ok": 139,
        "ko": 0
    },
    "group1": {
        "name": "t < 800 ms",
        "count": 5,
        "percentage": 100
    },
    "group2": {
        "name": "800 ms < t < 1200 ms",
        "count": 0,
        "percentage": 0
    },
    "group3": {
        "name": "t > 1200 ms",
        "count": 0,
        "percentage": 0
    },
    "group4": {
        "name": "failed",
        "count": 0,
        "percentage": 0
    },
    "meanNumberOfRequestsPerSecond": {
        "total": 0.01694915254237288,
        "ok": 0.01694915254237288,
        "ko": 0
    }
}
    },"req_request-25-20ee6": {
        "type": "REQUEST",
        "name": "request_25",
"path": "request_25",
"pathFormatted": "req_request-25-20ee6",
"stats": {
    "name": "request_25",
    "numberOfRequests": {
        "total": 5,
        "ok": 5,
        "ko": 0
    },
    "minResponseTime": {
        "total": 337,
        "ok": 337,
        "ko": 0
    },
    "maxResponseTime": {
        "total": 366,
        "ok": 366,
        "ko": 0
    },
    "meanResponseTime": {
        "total": 350,
        "ok": 350,
        "ko": 0
    },
    "standardDeviation": {
        "total": 10,
        "ok": 10,
        "ko": 0
    },
    "percentiles1": {
        "total": 351,
        "ok": 351,
        "ko": 0
    },
    "percentiles2": {
        "total": 356,
        "ok": 356,
        "ko": 0
    },
    "percentiles3": {
        "total": 364,
        "ok": 364,
        "ko": 0
    },
    "percentiles4": {
        "total": 365,
        "ok": 365,
        "ko": 0
    },
    "group1": {
        "name": "t < 800 ms",
        "count": 5,
        "percentage": 100
    },
    "group2": {
        "name": "800 ms < t < 1200 ms",
        "count": 0,
        "percentage": 0
    },
    "group3": {
        "name": "t > 1200 ms",
        "count": 0,
        "percentage": 0
    },
    "group4": {
        "name": "failed",
        "count": 0,
        "percentage": 0
    },
    "meanNumberOfRequestsPerSecond": {
        "total": 0.01694915254237288,
        "ok": 0.01694915254237288,
        "ko": 0
    }
}
    },"req_request-26-18b3c": {
        "type": "REQUEST",
        "name": "request_26",
"path": "request_26",
"pathFormatted": "req_request-26-18b3c",
"stats": {
    "name": "request_26",
    "numberOfRequests": {
        "total": 5,
        "ok": 5,
        "ko": 0
    },
    "minResponseTime": {
        "total": 104,
        "ok": 104,
        "ko": 0
    },
    "maxResponseTime": {
        "total": 213,
        "ok": 213,
        "ko": 0
    },
    "meanResponseTime": {
        "total": 144,
        "ok": 144,
        "ko": 0
    },
    "standardDeviation": {
        "total": 39,
        "ok": 39,
        "ko": 0
    },
    "percentiles1": {
        "total": 134,
        "ok": 134,
        "ko": 0
    },
    "percentiles2": {
        "total": 161,
        "ok": 161,
        "ko": 0
    },
    "percentiles3": {
        "total": 202,
        "ok": 202,
        "ko": 0
    },
    "percentiles4": {
        "total": 210,
        "ok": 210,
        "ko": 0
    },
    "group1": {
        "name": "t < 800 ms",
        "count": 5,
        "percentage": 100
    },
    "group2": {
        "name": "800 ms < t < 1200 ms",
        "count": 0,
        "percentage": 0
    },
    "group3": {
        "name": "t > 1200 ms",
        "count": 0,
        "percentage": 0
    },
    "group4": {
        "name": "failed",
        "count": 0,
        "percentage": 0
    },
    "meanNumberOfRequestsPerSecond": {
        "total": 0.01694915254237288,
        "ok": 0.01694915254237288,
        "ko": 0
    }
}
    },"req_request-27-649b0": {
        "type": "REQUEST",
        "name": "request_27",
"path": "request_27",
"pathFormatted": "req_request-27-649b0",
"stats": {
    "name": "request_27",
    "numberOfRequests": {
        "total": 5,
        "ok": 5,
        "ko": 0
    },
    "minResponseTime": {
        "total": 364,
        "ok": 364,
        "ko": 0
    },
    "maxResponseTime": {
        "total": 392,
        "ok": 392,
        "ko": 0
    },
    "meanResponseTime": {
        "total": 378,
        "ok": 378,
        "ko": 0
    },
    "standardDeviation": {
        "total": 9,
        "ok": 9,
        "ko": 0
    },
    "percentiles1": {
        "total": 380,
        "ok": 380,
        "ko": 0
    },
    "percentiles2": {
        "total": 381,
        "ok": 381,
        "ko": 0
    },
    "percentiles3": {
        "total": 389,
        "ok": 389,
        "ko": 0
    },
    "percentiles4": {
        "total": 391,
        "ok": 391,
        "ko": 0
    },
    "group1": {
        "name": "t < 800 ms",
        "count": 5,
        "percentage": 100
    },
    "group2": {
        "name": "800 ms < t < 1200 ms",
        "count": 0,
        "percentage": 0
    },
    "group3": {
        "name": "t > 1200 ms",
        "count": 0,
        "percentage": 0
    },
    "group4": {
        "name": "failed",
        "count": 0,
        "percentage": 0
    },
    "meanNumberOfRequestsPerSecond": {
        "total": 0.01694915254237288,
        "ok": 0.01694915254237288,
        "ko": 0
    }
}
    },"req_request-28-297b8": {
        "type": "REQUEST",
        "name": "request_28",
"path": "request_28",
"pathFormatted": "req_request-28-297b8",
"stats": {
    "name": "request_28",
    "numberOfRequests": {
        "total": 5,
        "ok": 5,
        "ko": 0
    },
    "minResponseTime": {
        "total": 155,
        "ok": 155,
        "ko": 0
    },
    "maxResponseTime": {
        "total": 182,
        "ok": 182,
        "ko": 0
    },
    "meanResponseTime": {
        "total": 169,
        "ok": 169,
        "ko": 0
    },
    "standardDeviation": {
        "total": 9,
        "ok": 9,
        "ko": 0
    },
    "percentiles1": {
        "total": 172,
        "ok": 172,
        "ko": 0
    },
    "percentiles2": {
        "total": 173,
        "ok": 173,
        "ko": 0
    },
    "percentiles3": {
        "total": 180,
        "ok": 180,
        "ko": 0
    },
    "percentiles4": {
        "total": 181,
        "ok": 181,
        "ko": 0
    },
    "group1": {
        "name": "t < 800 ms",
        "count": 5,
        "percentage": 100
    },
    "group2": {
        "name": "800 ms < t < 1200 ms",
        "count": 0,
        "percentage": 0
    },
    "group3": {
        "name": "t > 1200 ms",
        "count": 0,
        "percentage": 0
    },
    "group4": {
        "name": "failed",
        "count": 0,
        "percentage": 0
    },
    "meanNumberOfRequestsPerSecond": {
        "total": 0.01694915254237288,
        "ok": 0.01694915254237288,
        "ko": 0
    }
}
    },"req_request-29-6a22e": {
        "type": "REQUEST",
        "name": "request_29",
"path": "request_29",
"pathFormatted": "req_request-29-6a22e",
"stats": {
    "name": "request_29",
    "numberOfRequests": {
        "total": 5,
        "ok": 5,
        "ko": 0
    },
    "minResponseTime": {
        "total": 112,
        "ok": 112,
        "ko": 0
    },
    "maxResponseTime": {
        "total": 131,
        "ok": 131,
        "ko": 0
    },
    "meanResponseTime": {
        "total": 120,
        "ok": 120,
        "ko": 0
    },
    "standardDeviation": {
        "total": 7,
        "ok": 7,
        "ko": 0
    },
    "percentiles1": {
        "total": 121,
        "ok": 121,
        "ko": 0
    },
    "percentiles2": {
        "total": 127,
        "ok": 127,
        "ko": 0
    },
    "percentiles3": {
        "total": 130,
        "ok": 130,
        "ko": 0
    },
    "percentiles4": {
        "total": 130,
        "ok": 130,
        "ko": 0
    },
    "group1": {
        "name": "t < 800 ms",
        "count": 5,
        "percentage": 100
    },
    "group2": {
        "name": "800 ms < t < 1200 ms",
        "count": 0,
        "percentage": 0
    },
    "group3": {
        "name": "t > 1200 ms",
        "count": 0,
        "percentage": 0
    },
    "group4": {
        "name": "failed",
        "count": 0,
        "percentage": 0
    },
    "meanNumberOfRequestsPerSecond": {
        "total": 0.01694915254237288,
        "ok": 0.01694915254237288,
        "ko": 0
    }
}
    },"req_request-30-b7b42": {
        "type": "REQUEST",
        "name": "request_30",
"path": "request_30",
"pathFormatted": "req_request-30-b7b42",
"stats": {
    "name": "request_30",
    "numberOfRequests": {
        "total": 5,
        "ok": 5,
        "ko": 0
    },
    "minResponseTime": {
        "total": 113,
        "ok": 113,
        "ko": 0
    },
    "maxResponseTime": {
        "total": 134,
        "ok": 134,
        "ko": 0
    },
    "meanResponseTime": {
        "total": 121,
        "ok": 121,
        "ko": 0
    },
    "standardDeviation": {
        "total": 7,
        "ok": 7,
        "ko": 0
    },
    "percentiles1": {
        "total": 120,
        "ok": 120,
        "ko": 0
    },
    "percentiles2": {
        "total": 122,
        "ok": 122,
        "ko": 0
    },
    "percentiles3": {
        "total": 131,
        "ok": 131,
        "ko": 0
    },
    "percentiles4": {
        "total": 133,
        "ok": 133,
        "ko": 0
    },
    "group1": {
        "name": "t < 800 ms",
        "count": 5,
        "percentage": 100
    },
    "group2": {
        "name": "800 ms < t < 1200 ms",
        "count": 0,
        "percentage": 0
    },
    "group3": {
        "name": "t > 1200 ms",
        "count": 0,
        "percentage": 0
    },
    "group4": {
        "name": "failed",
        "count": 0,
        "percentage": 0
    },
    "meanNumberOfRequestsPerSecond": {
        "total": 0.01694915254237288,
        "ok": 0.01694915254237288,
        "ko": 0
    }
}
    },"req_request-31-261d3": {
        "type": "REQUEST",
        "name": "request_31",
"path": "request_31",
"pathFormatted": "req_request-31-261d3",
"stats": {
    "name": "request_31",
    "numberOfRequests": {
        "total": 5,
        "ok": 5,
        "ko": 0
    },
    "minResponseTime": {
        "total": 121,
        "ok": 121,
        "ko": 0
    },
    "maxResponseTime": {
        "total": 362,
        "ok": 362,
        "ko": 0
    },
    "meanResponseTime": {
        "total": 208,
        "ok": 208,
        "ko": 0
    },
    "standardDeviation": {
        "total": 97,
        "ok": 97,
        "ko": 0
    },
    "percentiles1": {
        "total": 142,
        "ok": 142,
        "ko": 0
    },
    "percentiles2": {
        "total": 288,
        "ok": 288,
        "ko": 0
    },
    "percentiles3": {
        "total": 347,
        "ok": 347,
        "ko": 0
    },
    "percentiles4": {
        "total": 359,
        "ok": 359,
        "ko": 0
    },
    "group1": {
        "name": "t < 800 ms",
        "count": 5,
        "percentage": 100
    },
    "group2": {
        "name": "800 ms < t < 1200 ms",
        "count": 0,
        "percentage": 0
    },
    "group3": {
        "name": "t > 1200 ms",
        "count": 0,
        "percentage": 0
    },
    "group4": {
        "name": "failed",
        "count": 0,
        "percentage": 0
    },
    "meanNumberOfRequestsPerSecond": {
        "total": 0.01694915254237288,
        "ok": 0.01694915254237288,
        "ko": 0
    }
}
    },"req_request-32-84a21": {
        "type": "REQUEST",
        "name": "request_32",
"path": "request_32",
"pathFormatted": "req_request-32-84a21",
"stats": {
    "name": "request_32",
    "numberOfRequests": {
        "total": 5,
        "ok": 5,
        "ko": 0
    },
    "minResponseTime": {
        "total": 106,
        "ok": 106,
        "ko": 0
    },
    "maxResponseTime": {
        "total": 313,
        "ok": 313,
        "ko": 0
    },
    "meanResponseTime": {
        "total": 149,
        "ok": 149,
        "ko": 0
    },
    "standardDeviation": {
        "total": 81,
        "ok": 81,
        "ko": 0
    },
    "percentiles1": {
        "total": 110,
        "ok": 110,
        "ko": 0
    },
    "percentiles2": {
        "total": 114,
        "ok": 114,
        "ko": 0
    },
    "percentiles3": {
        "total": 273,
        "ok": 273,
        "ko": 0
    },
    "percentiles4": {
        "total": 305,
        "ok": 305,
        "ko": 0
    },
    "group1": {
        "name": "t < 800 ms",
        "count": 5,
        "percentage": 100
    },
    "group2": {
        "name": "800 ms < t < 1200 ms",
        "count": 0,
        "percentage": 0
    },
    "group3": {
        "name": "t > 1200 ms",
        "count": 0,
        "percentage": 0
    },
    "group4": {
        "name": "failed",
        "count": 0,
        "percentage": 0
    },
    "meanNumberOfRequestsPerSecond": {
        "total": 0.01694915254237288,
        "ok": 0.01694915254237288,
        "ko": 0
    }
}
    },"req_request-33-6bb92": {
        "type": "REQUEST",
        "name": "request_33",
"path": "request_33",
"pathFormatted": "req_request-33-6bb92",
"stats": {
    "name": "request_33",
    "numberOfRequests": {
        "total": 5,
        "ok": 5,
        "ko": 0
    },
    "minResponseTime": {
        "total": 328,
        "ok": 328,
        "ko": 0
    },
    "maxResponseTime": {
        "total": 356,
        "ok": 356,
        "ko": 0
    },
    "meanResponseTime": {
        "total": 340,
        "ok": 340,
        "ko": 0
    },
    "standardDeviation": {
        "total": 10,
        "ok": 10,
        "ko": 0
    },
    "percentiles1": {
        "total": 343,
        "ok": 343,
        "ko": 0
    },
    "percentiles2": {
        "total": 347,
        "ok": 347,
        "ko": 0
    },
    "percentiles3": {
        "total": 354,
        "ok": 354,
        "ko": 0
    },
    "percentiles4": {
        "total": 355,
        "ok": 355,
        "ko": 0
    },
    "group1": {
        "name": "t < 800 ms",
        "count": 5,
        "percentage": 100
    },
    "group2": {
        "name": "800 ms < t < 1200 ms",
        "count": 0,
        "percentage": 0
    },
    "group3": {
        "name": "t > 1200 ms",
        "count": 0,
        "percentage": 0
    },
    "group4": {
        "name": "failed",
        "count": 0,
        "percentage": 0
    },
    "meanNumberOfRequestsPerSecond": {
        "total": 0.01694915254237288,
        "ok": 0.01694915254237288,
        "ko": 0
    }
}
    }
}

}